session_id,cluster
00113f6d-b061-4c3f-976e-dcedf1f26d89,0
004f127a-8830-427c-a4c0-f6c340d1e35f,1
00833cf1-8cbc-492d-801d-21ed6ad848b8,2
008616d0-2832-469b-ba29-b6593785377c,2
0089b787-8bf8-40a3-bf6a-3350d6238ff2,0
009ec382-7315-4ccb-854c-3fccb31ad413,2
00c8217c-0557-4fc5-97c4-872fc49dba2a,0
00d0995d-598e-4d50-b52b-4089bc326303,1
00db1fcf-1615-473b-97be-6cbf72113c01,1
00fac999-a016-42c2-a7f4-0c2827848c33,2
014c4e44-6bf4-48a8-a63b-12919812b642,2
015890af-3c1e-4731-8a6e-a49eb8ce1b93,0
01ba30e4-787b-4eeb-9da4-84698e13b9fa,2
01c7bb6a-fde9-4b1c-aed1-659ff4bd8f6a,0
01eafcdf-285f-4681-b834-4170008b504f,1
01f04b95-fce5-4ae0-87fd-4bc0405245cf,2
02209133-b25d-4212-97d7-76997498dcf4,2
02217e0c-de85-4640-8cec-277861a204e3,2
024102e0-2fd2-447b-bd8c-948df184a305,0
024416ce-30cf-40ca-b0b7-87b8405fdb08,0
02560318-d0f8-4318-b263-e3d4095b4502,2
0268772f-f707-46e3-ae64-9128ef1b5fa9,1
027f261b-5305-4aff-93ca-0fa734007e1f,0
02c0f16b-4de8-4256-a783-c522eeb645a7,0
02c23527-fc2d-4231-afe7-666e2c31e943,1
02dafd7f-49f4-478a-b7d2-f95f82af0752,2
031cce30-52d5-49c1-9fc4-436f72b10c45,0
031f8757-19b9-4e2e-afd0-38bfd5fc8b15,0
032aacad-6780-4f0c-bb2c-556bbee0d127,0
03723656-5c23-4adf-8387-1fb44b05a0e1,1
037597d4-92db-412b-8d84-0291a0bd5382,2
037dd924-dff5-4648-9566-15db41153d55,2
03841d18-07d6-4d70-bf46-b77eb011e7e7,1
038963c6-42a2-4feb-85b3-4813391cd132,2
03c5513a-bdae-4855-a4ea-e6ae44c31c70,2
04547f28-f574-413c-a8a0-605286f72868,2
0476bf22-464d-461a-ab0d-06e0fa943bdf,1
048eebec-9eea-4cd8-be3d-81b560689927,2
04d0970f-4fda-45ab-9050-014c930b4998,2
04d9e3bd-be3f-4cca-a8c8-0bb3b463c978,2
0570daec-12b3-48b7-89ec-45aeaa1b129a,2
057b8dc7-bcf9-488e-b761-6360afef5fd2,0
05d94dc5-e30f-426d-8d32-88b67ac43932,2
05da803e-0dac-4f1a-8e7f-2a1473239051,1
064732a9-4f04-4b52-b3fd-6576f17a3b54,0
06569cf6-78a4-4f05-bcf9-c7cee2f220e3,1
0658a33a-6aa2-444b-8488-30d0a7ac8cba,1
0670449a-6d89-47ed-b1e1-0953c21c27f5,0
06a77a9e-9310-4155-943e-d951d322fbe2,1
06c684b6-50a8-4f11-a401-32c799aff714,0
06fcf4f4-71da-4e34-a3d5-d59bf7d9c2f0,2
070ffd83-69da-49b3-90dd-eecb41daab59,2
071151f1-1316-4a6d-9d54-388705db45fe,0
07143ad8-3b15-4005-afcd-7ca882264d05,1
07314f5b-1027-4704-b959-7ea39a327191,0
0764f324-7971-4d9b-aa42-df006a75cc9f,1
077916ff-899d-4f82-8115-4fa67815b02a,0
0799ddfa-84ec-4622-970c-ae3c06606468,1
07a48d6e-b099-49f1-b94c-dde4ce05d443,2
07bed9a4-30f5-4a2f-b850-3dff3d28d92d,0
07e2ce00-7e38-45bb-bff8-93f849859123,0
07e71843-2dab-472c-9cee-793cd45acaca,2
083a79c5-bd84-4b34-817c-3454693200dc,1
08573f17-ec72-4781-bfb4-95d40307a085,0
0865cfcb-455d-44a7-8fd2-0a1142d57138,2
086df8d0-d5fc-450a-bcf8-29e3641df93c,0
0872df5f-bf09-43e0-a2d6-a7f4c5eb79e0,0
08aa2e1f-5994-4c55-bfd3-d9d3d24314d0,0
08b754f3-ceb5-4bc4-9bc3-313c3c7e0297,2
08e513eb-eca8-478b-aac0-aad35b201355,0
08f2f45f-9b5a-4374-bc10-5e9692f8e88a,1
0908e016-0251-4250-95f1-87cabddf1df7,1
093040e3-7670-4f3a-839b-1084a4420950,2
093a5628-ced0-4345-b9f7-cf2d39f2159c,0
09808d5c-e9da-441f-9661-40dda2ab9d08,1
0988b04d-75f3-4bd5-8dd2-59fb41bb8c62,2
099e1e5c-4c8c-4813-95c5-83b22764787b,1
09b45157-0685-43e5-b03c-9eef037d85d5,2
09ba977f-a4b9-4cda-b0da-3259ec9a9b6c,1
09bdf64d-c65f-4d70-b027-04133a3fd9e4,2
09cb5e93-54ee-4f96-807d-33703c7bc9f0,0
09cbbeb0-ce15-4818-bbf3-86a142331818,2
09dc0049-dfbc-4498-81dc-5f4e59aad797,2
09def118-db6c-4c7c-9b89-41095626a716,2
09defd0d-7e4e-4290-830a-ab4318833093,2
0a3d5897-aedb-40f1-b985-9fe6d202ac35,2
0a563ab7-97a8-440b-b206-3410c1f88513,2
0a5f4279-cbcc-4c85-b37c-d54475794cc1,2
0a647136-b5b5-4a0c-8552-36c46839468d,2
0a8adec0-d288-4d67-b49a-962d5500bc87,1
0aa1d679-eefb-4071-9fc2-125a849493e2,0
0ad9ce0f-4879-4be0-9b4f-da4e40c2554a,2
0b47f59c-58a7-4891-9edb-49b95e905eb3,2
0b6e6d88-b6c2-456d-b7db-9d04cfdb0c9a,2
0b88e997-ecff-4f6e-9fd7-7cddef0a7cfa,2
0b8b57c1-52c1-4c18-b667-af5be1041736,2
0bb88aa9-0e97-4a08-801a-7d04ee6ff3b3,1
0bc2b3bb-7c45-43da-b3dd-f8c0ece0fa67,0
0bd0c4fe-20c7-40bc-b09b-60cc598b8096,2
0bd9ac2c-be79-466c-9a05-03004a35b5a6,2
0be956d5-02ea-4be4-b158-855f3c571377,0
0beed7d5-899b-47c0-b739-baffe31eb1aa,1
0c0999ca-011f-4159-9177-afe20ea21a47,2
0c0d7fa3-0638-427c-82f1-455697116399,0
0c11b2b0-a136-476e-b0f9-f816dbb946d2,2
0c1d83fb-3fa8-407a-b3f4-92b07cdea86d,0
0c488299-c0df-4714-8863-a8a99f7d15c4,2
0c5673c5-2aa4-4a5b-82fd-f3a22062033f,1
0c8a46ea-43f5-441a-af9a-8929a03106f7,0
0caece5d-4db4-46e8-ad1d-cabcb18f4205,1
0cba0360-47a5-4f20-aee2-7e8868851594,2
0cc2a84d-0386-4cb8-86c5-14863e911d14,0
0ce1082f-bd14-4b52-9f0d-640fc319b1da,0
0cf71a14-ec11-43a2-95cc-29322aa61a08,0
0d04607d-6ec6-4f09-bbc5-9158dc862707,2
0d282361-4cf5-4e8b-92c2-2d37ac825d72,0
0d8afdf6-33e9-494c-a9a2-f61e6b0f9927,2
0da2b492-5f73-4053-839a-f7a1f6272c4b,1
0dcc4305-8e47-4722-8400-1b2a7c685c9d,2
0dd73838-15f6-424e-980a-792386e13769,1
0e23acbe-8735-4657-bc35-b5cdd3e7212d,2
0e2e2333-6b46-467a-b66f-5c938be59954,2
0e4876fb-4029-4029-aa13-dc1dc5388d13,2
0e5e8a9a-9a84-44da-b42f-c4311fe777e2,0
0e64c15d-58f7-4203-a98c-50a4cec48859,0
0e679355-0d67-461c-bb78-62a5ccb11841,2
0e76ee67-cbdf-4ceb-9841-c190ac4e0fd1,2
0e86809d-572e-42a7-b05c-125ce2abab4e,0
0e907029-cb3b-43fb-936d-e31f8066e2c5,1
0eb374e3-95a6-4e4c-83ed-47dd72f43b99,0
0ec4318a-18cd-4a4d-b35e-725d9690dd18,1
0ed3f57c-5686-4886-9c4e-4155fba22b6c,2
0edbdaea-f85f-4a92-b0c7-162b6aedb26b,2
0edf5d93-9f42-461d-8159-744f77ae51eb,1
0ef49314-6037-4308-9f21-5962aa94403c,2
0f0bbc27-3b0b-4184-a1e0-4ba1c51610b8,2
0f1020aa-6636-45d6-9fcc-39f57998d02e,1
0f23fdd5-670a-465c-9fd5-dc6c4b44b538,2
0f3b0fbc-6db7-4a10-a50e-8bbb9db5e44e,2
0f673fe3-7942-4b1a-8c5f-54aaa6e434bb,0
0f768144-5df3-4bc4-b8ca-f0bd5a2a659a,2
0f9739af-b30e-4e8a-9237-7d681e8fa105,1
0fa0d0d1-8715-461f-a3ea-24dc2249779b,1
0fa6a088-0d7d-445b-a1dd-e0006ac4bf5e,2
0fc000f7-3277-45ab-8105-bdca8bebc582,2
0fca4937-ede7-4990-b7be-c4fd8eca06aa,1
0fcb904c-ebec-4433-9d0a-d938df517474,0
0fdad725-7eaa-4ff8-a115-6880e6c7a5bc,2
0fdc3ecf-ba52-40cd-868c-cf1760d81729,0
0fe0ca66-15a4-4432-9894-76eef1ed9f94,1
0fe898fc-835b-4943-869a-dd77c5c0103a,0
0fec2eba-e4a4-4caf-81c6-0ede417c31fd,1
10077c7a-c9f7-4fb0-8667-ff3aee91721b,2
101784a3-eaff-455f-875b-e370e3c22843,0
101863e8-7cfd-4d59-ba8c-154076eef611,0
1036ee81-35b9-4ca4-b9c7-b199e05fa6f5,0
10592c16-d307-4df6-9379-f68e5521e97e,0
10e511f6-9e23-46d8-a105-013c3be835c1,0
10eb303e-90cc-4fa0-a4c5-ba96d4e994cd,0
112074ca-e19f-489b-b9e4-a7dc3d7ea9e8,0
112c1502-f604-4326-a4b5-c6240483a467,2
116d282a-0f20-46fb-b776-21e0fdbcfbd7,1
117145a2-aaf1-426b-b431-8eda334499a0,2
11745440-d93c-4011-9683-b478e1d50eff,0
11d5fe83-b3be-47ff-ab97-157030644bbc,2
11db9fb7-5b1a-4688-970b-aa6c711814ae,0
11dffd32-21c6-4791-8040-4b433b5ee715,2
12071f90-06a9-4e13-a54b-3987f05d5137,2
1239bd62-4ded-4df7-94d9-3e973e317b2e,0
1256dfb1-3526-43bf-b67d-f30f949d25f0,2
1275904c-e785-4a07-9242-205eb488dcdb,2
12b9bb93-2377-46aa-b417-fb6caf480928,0
12ffde69-f588-45db-890f-1138c32da44f,2
13055d15-dcee-497d-a7b9-af41b45286cd,2
131ae1a2-bc1a-4c97-88f5-81e26523451e,2
1347e6d8-34d7-4477-9eac-07006f81c517,2
134bd70f-7b51-4a98-aa9f-ba1fb1e3dff2,0
136f9a88-520c-4510-9a46-1a2eeae538e2,2
139ebc8c-c8ec-4013-845d-c6d13599634a,2
13bb09c4-6446-4fed-a22f-4f350c95b253,0
13cb9b55-82bc-49e3-a516-fcfca9266ea0,0
13dcb6ad-71fb-4700-8d63-3b78ba304832,0
13e324e0-b79f-44e0-9472-6e18c6f32f0e,0
13f06218-1707-4248-aa69-8bac38a1deef,1
142ae290-7045-4142-9796-eb57b2ff76cc,0
1430495f-d3fd-4a59-bf47-f7151c9ae558,0
1461bb1b-adf0-4ae5-b553-98d66d06a45e,2
146b3b1e-169a-4990-9a79-8a49f0237cfe,2
1487d66e-5c45-4c4a-a12f-39a6bce96518,1
148e1746-0d38-4ab2-bd23-a9481d54ed7e,0
149b9df7-1a4d-4818-86fa-cf3375b44a96,2
14b46721-4226-4d9e-a20c-b7aa3b9c325f,0
14fe621c-42dd-45b1-81d4-a86d5d0dbfa6,2
1543aed3-479c-4baa-a9b6-4374dbfc0487,0
1545773c-940f-488a-8915-55c99b7d2747,1
1576b9c6-e19b-4e15-b68f-097178fc6fff,0
15a2d625-1479-42f7-bd59-c426dabc6987,2
15c5504a-e46f-4aac-9ba1-c62bcf501122,0
15d29fd0-5e24-4736-b391-3cbc63489db0,0
16605ec9-0b33-4b0c-9584-9214b2921845,1
167a60ac-2db1-4691-919e-334d7ca3307d,0
167ab40b-2b3e-4b31-8a26-a65c438e015f,1
1684584c-a19c-4368-ab02-047c970cde93,2
169a1cec-e448-4624-9d2b-8d7baf14f392,0
16a41b8b-c6bf-4690-a856-9daca1be44fb,0
16b0ada0-e3fd-4502-969d-8a9b9d4389c2,0
16c3894c-1f58-4f79-930e-69db1ed8af23,2
16ccde9f-cb84-403c-934f-9929c4365add,0
16d8d316-43e1-4c85-8073-32045eacbfa6,0
16dde196-5155-4f64-8813-86bcd9a1ec92,0
16e64187-cdde-4fa1-998d-e82f1368e526,0
16e72879-0412-44d0-9139-0ac09999eaf7,2
16fe6ef4-549f-464a-a6cd-a0d4f8b8f735,0
170454c6-3753-4355-b6a1-4c03b80983bb,1
173ca4bd-eb22-49e1-aa29-ae9980d8e806,1
17c2912f-c9ae-4d31-b1fc-e16139e3f92f,2
17da03b2-46cf-4bbe-8285-bdbbb315ea98,1
1813884b-0f7c-45c0-8a29-40bbb8aa8488,0
1818bde8-cda1-4fd5-8724-c322731b8e0c,2
18410fc3-fed5-4389-b5f0-d57357e093dc,2
1849ec0f-1a1a-4931-ae4d-684c7c8b2932,2
184d002b-a96c-4c51-b809-b2cd4027b49f,2
185fd17a-3b06-4361-a7ec-2494ea7a8d73,0
1867401e-7a8e-41fe-aa99-bb3cb917f5ff,0
186af0e2-96eb-4809-bb19-4668c4a5d8c4,0
1876b5d4-a331-4418-814c-3e37436cff44,0
1881f8e7-5f5f-4f67-a9fd-58b7e7e115e8,2
188b87ed-ca02-4cc2-8c60-1e25752cefbc,2
189a2e50-8494-4822-aae3-ba285585d32d,0
18a836fe-c2a8-4a7b-a18a-979ff59bacd2,2
18c97c74-0a52-4fa9-8153-91f7ea098838,0
18cdb412-e6a1-4983-86ed-debe130401c6,1
18fab2d5-1e76-4517-9971-5343f85cfeaa,0
19030141-5bcc-452d-b104-eba48ac74803,0
191e843f-e27e-4731-8c43-f193037738f4,0
1928ebf8-3916-41c0-8167-e2d118ffb76c,2
193d4a55-97c8-4d38-be1b-67c4bfd7009c,2
197097c4-4a85-4e2c-b612-25e845735cb2,1
199181c6-ce31-4bd1-b6ae-5c7ec1473a8f,1
19bfb384-b75d-4bfa-92cc-8e9bd0002293,2
19ea95d0-6e01-4f93-840c-ed82eca7b6db,1
1a044305-9753-420a-8710-a53f61e691da,0
1a3a220a-cecb-4704-aadb-f22f48b76b52,2
1a57fddb-0d46-4bb5-83b6-da390768684d,2
1a5bb821-6838-4929-93b5-89c7f796bad8,0
1a616047-45ce-4cf5-a320-ace8d2694b57,1
1a84d495-6506-4457-afaf-490945f07142,0
1aa4e4c0-f963-40f1-883d-ab66dd82b74e,2
1ace78d3-89ea-4055-a29d-c461fd4edb74,0
1adba46e-129f-4a94-af70-57c887a7a4ac,1
1ae57cd2-b39e-4b6e-a20e-e72ea4c84794,2
1ae9f42a-5c1e-4517-a7a6-6750c3be26ae,0
1aeaa8f5-b9a6-42cf-9e8d-d435bb74fa40,2
1b2cb961-8798-4359-be1f-0262dcc6962a,0
1b505982-5eca-4c54-b8fa-6ebc844f59e5,1
1b65246f-0ca7-4e08-be4b-0018f00af100,0
1b6711db-a871-4060-a6e7-a7d9f2af8bab,2
1b7bc78e-8370-49eb-91a1-6198a787087d,2
1b9125f4-4c36-48e4-a2f4-09fe39bea283,2
1bb1cc43-60bc-4f54-be1b-14143eb7b285,0
1bd354e7-c353-4d21-86f5-c9a5ff6ba620,0
1be6bf1f-6dff-4264-bba6-b2f5073e54e0,1
1bf40ff3-669b-47c9-ba4d-76c907cd5abd,0
1bf68882-a85b-4766-af99-4b5f08eeaba5,2
1c14b04a-2879-4321-8115-e5630b258f1e,1
1c2099c7-cb17-4559-ae71-be9ed57255f4,1
1c4530d3-a1d8-4db7-b46c-eb76926fd33e,1
1c457ef2-e212-4166-bba6-e89a575da6f8,0
1c5052ff-ff80-44d8-b194-369085108f43,0
1c689bd1-b96a-4e58-bcff-d7b15d7c6b5b,2
1c6ba9cb-0c5d-4ca0-a398-1b928acd879a,1
1c7412e3-2129-4f7e-a69c-d3f77107d668,2
1c95ec4d-ea3b-420e-98a9-82e7fb5490cb,2
1ca6b47b-d473-461c-8305-cccceb6d4cba,1
1cbb6915-2ac5-4698-8899-c72a327751b9,0
1cc7b350-3520-4591-94e8-6a73cd8e61a8,1
1cce7dff-8329-4331-9ab3-a271fdf2b3b2,2
1cde06d7-9993-4ea5-bd05-8b64f30d75ea,0
1d07d2b4-8005-449b-9c55-83966db1de88,0
1d2032d3-7b3e-4842-87ae-b9dc56010af4,2
1d3ef69b-f88f-4c68-9dbe-f01037ce535c,2
1d4019e6-1bc7-43dd-bc40-350c19720e3c,0
1d63a144-b3f8-4cda-9782-b5fac68087f6,2
1d69d242-2d75-4752-b125-ec64583d50ea,0
1da70f16-cc2a-4929-a9c9-153d1c5f2ef0,1
1df98e40-eaf0-4a70-9160-f6ce0e4f5f5a,0
1e06226e-a5ce-445d-8cb4-78d2e05396a3,2
1e17e635-2dcd-4157-9904-7c1d200a0379,0
1e56b140-cca0-43f9-97c1-21c046e9b9c8,0
1e5f1260-0b29-489b-b769-d19badd4705e,0
1e987c6d-0628-4884-8e0a-89f11a42994c,0
1e98b9f5-a4cc-4d3c-bf2b-e594751d87f7,0
1eae5f96-9488-4451-89a1-b0958e1bc41a,1
1ece8e03-5f90-4174-91fc-0e24df5c91a8,0
1eced2ca-1f4a-485f-8179-2b32fd449af0,2
1ee0e74a-0866-476d-8cd1-52a417c73980,2
1eeacd9a-ead8-437c-a1d7-8a6b7bcd85fb,0
1f1db803-025d-4bb2-b707-2a976c1b85ae,1
1f284806-c848-46d1-9225-704fb5f50aaf,2
1f2a0cb0-76d7-4007-a7bd-a8ea933d7b75,2
1f46a3da-dee5-4425-83a8-ba3f9a5b8b5d,1
20395208-a759-452c-8e3f-cb5798593884,0
205e8412-e3cb-4de5-a689-bab90c74b0e6,2
2062b24b-ff2a-4bd2-8eae-faedeed97cbc,1
20d07553-e980-49dc-a59b-19ce4511eeb7,2
20dc54de-6302-463a-a494-ddee212a4b63,2
20f5513e-2bd2-4edf-97d4-b51133b054d5,0
20f788b1-bcda-4e2f-b751-c2ec57ad0fe7,2
20fadfc8-5a62-492a-b2dc-2da74e32228c,2
2192aea7-5a30-41e2-bdcd-31198abd6f17,2
21aa51a6-31dd-45ac-8703-329bf6ae5665,0
21c1577e-8e70-4b97-aed2-117492359ebf,1
21df4575-6ead-44d7-be38-fdf23437ea05,1
220f56f1-9546-4ea6-8573-0f278ac3b196,1
2244fd31-39c8-45df-a350-c6914ac3d22a,0
22876865-44f5-4477-9b05-80caaa525856,0
228d8430-7998-4083-8c39-0c184b3a120d,2
22993974-ecb4-4e26-8777-adf3dd682493,2
22caf157-9ce8-498b-89dd-6434dc4366dc,0
22e94d6d-663f-40ba-8066-4c4d2e2a7311,1
2336e454-df49-4a84-b27b-6db0c8e72a4c,2
237a0a88-0991-4ed4-87d2-afd71d40263a,1
23b39f71-f86f-4962-bf49-5bd6054b84c2,2
23c8f6d1-4ec5-40d5-8bdb-c1596ec2549c,2
2411bccc-d758-464b-8f9e-e4a2ccdb24a5,0
242ed22a-5ecb-48e1-b54e-4bf805936cc0,0
2430180f-ec66-4f6e-a02d-7fc19feb2ecd,2
243f58a5-cb3d-44a6-9f44-e3bdda8ae9f7,1
2442377c-9868-414c-8201-cc9c291d7220,2
247aeec7-4331-4c08-b2ad-a254e8893d72,2
249dd2b7-ee9f-4277-8656-ef8c44d907b3,1
24f4b4aa-72d1-438f-a508-9b5c675c30a2,1
25351848-32a4-49a1-8115-6a2a47b6fa8e,0
2537cc26-4b88-43af-a832-6af6a2fa4b88,1
253e0656-6a10-420c-abcc-003bef528105,0
2560f514-b5de-446a-8772-d5479975aaa6,2
256b0636-f83b-4988-8cf6-42a6aadee3f0,2
256c9c36-68fe-4d79-ad24-2fc88c4d49fa,1
25870e9c-edfb-45da-9031-26ee0f927df3,1
25bcc5c7-cd03-449d-afe8-bfabed3c4346,2
25c25b17-8066-4f81-9930-bda92b7cd6c4,1
2611e2b1-d376-4e8c-bb0f-ac02e52a35f7,2
261a72f5-d67f-4a0b-9e22-b3c92c46db0a,0
261d202f-40ce-4414-aaf8-d2c384eb0350,2
262159ea-fa16-4de3-8c0c-1327df742466,0
26306600-c640-4798-a2d1-e5fb88f5ed1e,1
2640bfcb-3846-4c4f-bfe1-b7b4450b1751,2
264812ab-d619-4b67-ae7f-3edd0a5fa6a1,2
264b9320-27c1-4392-a9e8-626e6977e7de,1
265ac36a-c498-4e01-b3ca-6d310c2fbedc,2
268da376-f9c0-4dcd-9f8f-6d85f71303f2,1
26b01247-ed45-41e2-8cdd-f76eb9dcf371,0
26bdf41f-0111-44f4-9ce0-ca7ac557a151,0
26c54199-c675-4b15-98e0-5e119c77a428,2
26cc3fdb-db32-47f3-9f1d-eb38b885ce5f,0
26d919a5-3195-4a7b-b3b9-bf16579cae6d,2
2711c872-f0cf-4226-9feb-ce52c2602d6c,2
27194737-12cc-450b-bb8a-e45f971193b4,0
27367322-ea62-4a5c-8c42-02d3484dfe08,2
2743c6e2-43bc-4369-b884-db0f5f87daea,0
2743f5dc-871b-44e7-a040-23518f3ffdca,2
2767cc09-95e9-41de-8d33-c9158ccbfa29,2
27698b80-1af7-482d-b2ee-6e677ba6a8d7,0
27810787-4752-45fc-a631-306a6e4c1461,2
27822673-6b7c-443e-8030-b7be55b7fa54,0
27cdf6eb-fcf7-4832-9f58-9e3bda382881,2
27e7abf4-5df4-44d4-85fb-088f8e559e6f,1
280ade87-28ca-4b08-878e-5cc5853a6bb3,1
2825ca90-3978-4e9c-be0b-964ca775f1c1,1
283ae49e-8eb8-4b2f-9b39-37b40bdef052,2
28709dbb-c2ee-4680-9a5b-5f75de9fb084,0
28a1af04-9874-45ac-b6e0-aa898141e8b1,0
28d549fb-b290-4f4d-85ac-af3985cf9455,0
291f7b57-1e56-410d-bb28-11ae81389e46,2
2926cf41-d623-42f7-a18a-bfa4918fc951,0
29825d61-5a23-4ee0-b2f0-f5bc56dfe5e6,2
298959e3-c814-4c9b-9b01-10cab0328db1,0
299c8a7f-9377-4738-bbff-ea6654f1b784,1
29a95709-2210-46d6-9a4c-5b571839bbeb,2
29adf12e-e6ad-4918-bbd7-871726160315,0
29d7922e-922f-45f5-95f2-607e4fdefe3b,2
29ef09b7-7e1b-440b-b46e-e341efca6995,1
2a61175d-cd5f-4030-b33c-d67b715aa724,1
2a63d4be-dec0-4610-9a3e-3ca83ffd341c,2
2a8119c8-8d16-415b-8482-8f73c1218189,1
2a9e9cd2-dbe0-43b5-8617-32cb7b06a377,1
2ada210c-faba-4c1f-9f58-fe99a2a128c3,2
2adbb25e-c2ae-44c5-a1c2-cd1212331966,0
2aeb57d3-c266-450d-b993-ebe642a54d4c,1
2af62b85-5022-4ec7-9605-eb226ad38fb1,1
2b13bba3-8869-43ab-8654-04040f3d33ca,0
2b2069df-6ace-42e4-8431-cc6aff9dddc7,2
2b502ef4-275c-4351-87cb-c567bca33162,1
2b5583de-e065-496c-aeeb-42da5dc0d555,0
2b679ad6-f3f6-44cf-818e-53de1eb0902a,1
2b75caaf-7dd7-4ade-8016-664d7616577d,0
2ba07b3f-f37c-4922-a5dc-7700d38ebe08,1
2bb9dd54-9620-40f1-bb25-15d9c78182db,2
2bc7df3f-c03f-47f7-b31b-45b56300396d,0
2be3dbfc-5eea-4e03-b93b-a0013bfbc029,0
2c2373bc-425b-45b5-8e64-7e7519b33417,2
2c2816cc-7616-4621-a0b1-f73acd40b621,1
2c5e596d-22a5-4e69-8a30-52c389c967f1,2
2c659ead-c0fb-450d-854e-3c66ebecaa28,2
2c789e41-fdca-452c-bdaa-63d5ed0d6b25,1
2c7d79ae-0cf1-4ce4-8269-d0c50d058c67,0
2c8b56ff-29e1-40f6-b831-37ed7acef469,2
2cb8a3de-f17f-4479-8a08-b4ad523aa75a,2
2ccf4c0a-3ae0-4ca5-b552-95b89d7282fe,0
2ced7be7-aa73-4c31-b447-367904e11e18,0
2d312be4-3881-4c6e-beff-f3ca4928fd84,0
2d453a84-44e6-4db2-8fa8-4dc65615e885,1
2dadc06c-eed4-4f78-86fa-79ca2f3d5b64,1
2db02f9d-0544-49f2-8475-dae173a25fc4,0
2dd4d938-1247-474c-a8bf-448551e3dc0a,0
2dd4f009-0afb-411d-aaf9-fdcc55d16c7c,2
2de2f5a2-6319-4c53-8384-a3894efc3f6c,0
2e01370c-4ed9-4bf9-be62-d349b0c5c438,1
2e1fe9d2-6efd-43e6-8c4e-887dc23ade0a,2
2e287cc5-889e-42e7-94b4-070e39506751,1
2e359a04-8d00-4d4a-957a-749318eaf229,2
2e403705-ccad-4d47-bba5-ba8a5cd4defa,2
2e43f76d-99b6-423d-8bca-d2f19768b4ac,1
2e47cd33-a3dd-44ca-8c2b-04601ae4ae4a,2
2e667a7f-5742-43ca-a1af-d19542df560f,1
2e6f6131-5f89-4795-b25b-2853f78744e0,2
2e72557a-b1d0-4a69-8904-af0df2da41c9,1
2e7e0aa2-7718-4c45-b2f8-7a5b8bcd1548,2
2ea758d3-06d5-4be7-8741-8eda6a7a5b83,0
2eca0225-00d8-4333-b1a0-1a3db6068413,1
2ed84a3b-df0a-4be7-b4d0-b26c4796ae19,1
2f295965-0d5b-41a7-8c7d-ff064d25b2e0,2
2f2b9cdf-852d-4b25-90b2-ca76f200a13e,1
2f2ff594-3007-495d-b8f5-2fa25cb8899c,2
2f6a04cb-3c73-4189-87f9-5f36e745e48c,2
2f7e567e-d286-49f6-a8b3-36554893b5be,1
2fe7afff-32f8-4ec3-ae0e-ed9a8a641ffb,2
2ff6af87-b682-426c-a245-cd7a7fbc7b86,2
2fff82b2-a967-4dd4-81b3-3c63f0a7d1d7,1
30033313-b7b6-4061-9d8d-8182c0280f96,1
3054a9b4-659e-4901-bfef-ac82fe9a09fc,2
3060bdfe-ad63-4460-ad5a-ae255e1e7d83,0
306e059e-611c-4d22-bbb3-ce8464180c94,0
307623e0-fe1c-4fde-9b2b-bf067cdbf565,0
3079e5b2-5e8d-4823-bbe1-10b719af594b,0
30ca3865-f097-4f42-a4ed-872b3e1cef6b,1
30ce37fb-5ab8-443f-8a10-fd78f609bc7a,1
30d42102-a379-4175-9e29-0f027d1b7744,2
30eb1418-0864-4f94-a634-c4906c043ae9,0
30f8d0ee-273a-4add-86f7-a9a9836bdb9e,1
30f8fda3-d2d8-449a-ae50-39d7870970db,1
3109bf09-e081-428a-abb4-78c2505ad7c7,2
3115cb9d-4f89-4506-be17-b6a721395c08,2
312c30ce-7010-4084-aebf-7609c4fca8d5,2
313f35f5-6425-4567-94ae-476a8e5b1378,1
317e6b15-8a9f-40d1-9939-32ea31f9f998,2
31b6407c-d697-4c04-9a87-1b1a402811dd,1
31b7a416-8c80-4d4a-93f3-49d90042d486,2
31d76c57-18e0-4b5f-8062-f0f318a14bdd,1
31fcd01a-c16c-4c8a-ba4f-fc39a466431a,0
32076041-dc04-4b93-8fc7-41bb332c0d9f,0
3229608a-4ce3-452f-a3eb-203342d19be0,2
322d6fa8-6c0b-448f-a458-072c48f14376,2
3262a046-7b52-4f20-b559-da6854da87ee,2
326f6227-755a-4945-aba1-dea75fafe525,0
3283f234-ea3e-4883-b18d-6265e7ea299c,0
328575e8-d011-45ea-bba2-37edc2e1f136,1
3285e6b6-19f4-48f5-b355-cd4ed8d34aee,0
32aab7f7-a7cc-4c2b-9727-93b995ee4b07,0
32ec7bfd-f5b6-48e0-afbc-1b20f9e814ef,0
33014a4e-0cd0-43da-9a23-9de02a783e9c,0
330c631f-ca64-411f-b6b3-09e0a5df285e,0
3314624d-bc00-488e-b73b-f76f479e73a5,2
3318effa-5b06-46db-b4f5-bed3c636a41a,0
3339e5b7-86e9-4eb1-9372-9a1623247032,2
333c1d2f-d8ec-4a15-9b79-c6bd1b199eee,0
3346b282-6d7d-4098-889e-f3a223893e9f,0
334d05f7-2727-4e0d-adbc-8989d0aaa709,0
33717f5f-6c00-4209-8713-95d3b468f838,1
337eb084-6f1e-4279-810e-fa70c39c9e2d,2
338c1b74-71db-4005-b19c-1542a56d5936,0
344beadb-18ed-4e6e-9aa2-c0aeae8b6d79,2
34530bd2-a85b-4f2b-9690-90c25a9a083c,2
34659725-f572-4b15-bc29-cdc75adb7236,2
349b9fbd-a9f8-43e1-bcf8-33702982d8f7,0
34b820b3-12a3-4c43-81ce-2df126c593cd,2
34dc210d-843c-494f-b0fb-ebda8b15b509,1
34ecd8a6-3a2a-4242-bb11-118283749e4b,1
34f4bb92-0ae4-41b2-81ab-1b515839e2b0,0
34fe0dc1-0842-4b1c-ab78-1d39cd377530,2
35274933-5618-4720-aca1-65bd7e83448a,1
3561053f-8b16-47d3-8e3e-0796c7420015,2
3570a66f-3336-43f3-891f-755375c32ccb,0
3585d51a-d7af-4b0c-8d00-0cb3821241aa,0
358e95c2-1f5a-479f-b7ad-4749af93fc7a,0
359cbd15-87e6-4073-825d-399719c7f2c5,0
35a63ddf-01ee-4bea-8261-29b99e7fdcc7,2
35b6c663-865f-4d1c-bc2a-ba270332bc9b,1
35e676e3-1b2d-4521-9fe3-d3522af92ae3,1
361717ba-8325-4beb-a813-6c52766ff8a0,2
361ae819-234c-4363-9d64-c0d40a94fbee,1
3637c6e3-5866-4b70-afa1-797b3e5c6602,1
363ba92d-2888-466a-902c-a750baa7af35,2
364e4752-7177-4901-9f02-a06cd060a10d,2
36525a43-a111-4344-8640-b2b0499fc09c,2
3673b2fa-93ad-4ebd-892a-470a49ca1322,0
367c27f3-8b8d-4e11-a253-26cead1e26f8,2
368a42d1-e8f9-4165-a555-c1502446dc12,0
36a80efa-57fd-4986-8791-3a7bbc7412d7,1
36d87e85-4fcd-4cd6-a633-6fff67e1bd54,1
371b7210-a8da-4b41-b4fd-7bded602d85e,1
372ad7c5-aed0-4740-8ac7-6f5f34ad53e4,2
3777753b-d8e7-44b7-bda5-fb6323397f63,2
3784036d-6940-459a-bf76-7f057ca77846,1
3789a9e4-dd6a-4770-ace8-4e124b160ac1,0
379e6f9d-3cde-4ff0-804e-fc0cbd7f667c,0
37a1f42a-5099-4a92-8c25-8dae9b262a49,2
37d90346-6a1a-40a2-bd92-03960851a69b,0
37deb639-afb7-4dc3-be83-c628001785e4,0
381ac5b3-2159-4065-ae2b-2e04db71cd0d,0
382f98ff-961b-470c-837c-d1201014eb3f,2
384199e1-81fe-4cab-b2a4-0aa8faad9c28,2
38434dc1-671e-4d59-87aa-54c8c3d66457,0
384ce959-94cb-4e4f-a8a1-61a3c9e8b1cb,2
386c4532-b7fa-407a-94d6-db0185c91e42,1
38a4125c-e121-4dd6-8013-d619963c6381,2
38e2449c-e960-4979-9ec4-eafa162a78d0,1
38e957d5-e4b5-484a-a76d-6593ff6a2f34,1
38f52bb0-4057-4bfd-a077-6156f18702c7,0
38fd524e-409a-48a8-bb3b-1341df016a1c,0
3910e888-1bd3-41ea-9b97-a7ba03184110,2
392dc29e-45c2-40a0-ac38-e9046e1f579d,0
3932c2f9-3b0d-4a79-835b-b6ce0978f006,1
395075a7-a2ad-4593-92f7-ab6de6ae1b6d,0
395136a5-0de3-4bff-b5b7-01bce0fa0189,0
3952decb-5918-437e-b3f6-78d32f4c33dd,1
395495cf-7fce-4422-8395-7f8476986209,1
3983276b-55dd-44ad-bd89-f2a77cf79a6b,2
398b4ca3-e731-4095-96a5-c81b7aee2413,0
39c3dd7c-8b88-450a-8512-1bdae1d4ef8e,2
3a131643-3d02-4a57-bca7-b58cd5f81128,0
3a17d6d2-05bf-42e1-a839-5844fabbd420,2
3a2ac2c6-c63f-4858-a145-4e8a7ef84ec1,0
3a47670c-5308-475f-a048-9116532a0ca7,2
3a7491e4-bf90-40fb-b519-7ac143c63527,2
3aa046ee-046b-4d88-835e-ba54347cda1e,0
3abe43bf-2338-43a9-a1cf-7359b11eb9ce,2
3afa071a-d1e5-43ec-9eba-dea64ee96138,0
3b0ffa47-a692-4de4-82ad-a63a8ede1f7d,0
3b450f7f-b79e-49c3-bf49-837eda91ef49,1
3b561de7-a2bd-4b72-9f59-034ba8ce7c50,1
3b5a864c-bc5c-4e0d-9bc3-41b1eec635c1,2
3b68186d-6a81-4489-aebd-a4d70a18a9e0,0
3b69cd9a-1484-4b3c-9e74-dabc820fbef6,0
3b7debcd-00ce-4511-bce2-f4194b3710ea,1
3b8aaec1-353c-47eb-a32e-b6265ff11e5b,2
3b8c2a5a-9913-46ff-b415-8360d46adf7a,0
3ba866b4-7ec4-4b7e-9422-622351d65c7d,2
3bbc42ef-6671-4f10-acb9-faaae50c55d0,2
3bf4ccf6-ba41-41bc-8844-9f100c3e9a23,2
3c35c0be-2013-40c4-8f76-e1016e341646,1
3c5a55d4-2699-449f-96ba-fba310481a23,2
3c7632dc-5e03-4466-8eb5-f2754590b46a,0
3c7eaaa0-59c4-4a94-927e-6129959eb21d,0
3c8337a0-7879-4946-a6d4-b7e60025760f,2
3caec25b-3ca9-4e30-a303-89d116856f53,1
3cbe079c-0ee4-4fb5-a76c-70e5f0b11cca,2
3cc0071c-9d90-4771-8e23-ef9ed2724f3d,2
3cc6da6e-a0e5-491c-9ad3-87cf02f0f7f1,2
3ce88ee0-7725-49ec-bc14-784b3e670df8,2
3cfba7ae-4253-4b3e-b1aa-b183fce4078b,2
3cfc9819-8539-4efe-98ec-975acbd6ed40,2
3d2da011-fccf-4f50-92f9-a7ce6583d5a6,0
3d5daaa3-8c87-45ee-bec3-f388c715d029,2
3d799395-5d3c-416e-9d8a-ceb56fd065e4,2
3db1e622-3323-420e-b5ac-2a972e624be1,2
3dc35116-9eea-4b72-b2a6-b08f0ca206ac,2
3dc6b258-5fab-4d8c-bbed-f9386b8056d0,2
3e129b91-2508-4c19-9fce-545064e2f6e3,2
3e1f04b4-c563-49da-a4f4-122608f368aa,1
3e2c4db8-fe30-4e4e-91a4-e1b72e8874f0,2
3e338017-4d3e-421b-ab61-13f8e6e70521,0
3e44ed1b-6c84-427e-9c45-959b8ccaad79,1
3e718353-1c20-4f3b-91b0-c8da4f9a662f,2
3e7d88ad-6677-4e95-98da-ae543aa3fb2a,1
3e81bba0-2901-48db-9f3a-fbb3fbd345cf,0
3eca74bb-35d9-4a4a-8a52-1daf48fefff0,0
3ed0244d-3a8e-4d74-8d7d-9a01bc547fd3,0
3f002759-3c86-4fdd-97d3-fbe467cc313f,0
3f03f6ad-89fe-462a-b7ed-770f9478126e,2
3f0502fe-2709-47ca-863b-7b61d35da037,0
3f11f2a7-3a17-4e7e-a677-a81f75825041,1
3f3306d7-c218-4c8d-8058-2b002a6d2e10,2
3f60ce71-3c1d-4571-9258-9e78ca5f8dfd,0
3f657179-b499-4b9b-b9c4-2fb3712f8219,0
3f72f5ac-119a-4f42-a9e6-1f1449504f31,0
3fb4846b-98dc-423a-8cef-a45fd5ad9af9,2
3fd9ae0b-625d-4342-bd46-ba83221e4695,1
3ff374fc-a307-4355-af9d-66cf003c3f23,2
3fff9b5f-06b6-4126-8595-01aadba80822,0
40072b48-b19d-4167-8e8d-5dc5369fe9fa,2
400ae072-8eac-4d5f-a457-60c9c8dd32cf,2
4045269c-1d9d-4d35-b773-ce89aa0bd414,0
404c2a5c-86ee-496d-8965-24725b7cdc26,2
404ee9a8-3dd0-42a9-86b4-372787089bc7,2
405a9014-5556-4867-98a0-08629e41a291,2
406f8eee-0aaf-4caa-a778-5c9d7a7d9b53,0
407dd24e-4d07-40f3-989a-3c57b4a9d64e,2
40a1370d-fbfa-4c24-91ff-3617a337f10a,1
40c3da3d-202a-4b7d-ac43-b91786d4820e,0
40dc2d4d-4cc9-4329-8087-51212842a7a6,0
40def12d-fa4a-4b35-991b-9b1a61052b23,2
40f46855-ffc1-4226-9db8-515bedd45b1f,0
40f52f46-feb6-4b9d-9092-4cf226d4ec7f,0
41007f6e-920f-47b5-a2e4-51fa421366e7,0
4105ee04-56e9-4737-8729-0c948a936695,0
4116971a-1d04-4d09-a8c7-b62700877624,0
411b54c5-2217-4cef-b7bd-39a504fbcad6,0
412feff9-7ed4-45f0-aad0-e32308b913ae,2
413049e7-b6cd-4df1-965e-90ddba5487f2,0
4131b5d8-afba-4592-af4e-c10a02dca699,2
4182a677-615f-440f-bdc0-ac46ec6b5422,1
41888fd9-5fd0-4088-941e-dfba66a9693c,1
419ba48f-5bde-45b4-a376-f6c9d21251d7,0
41be8670-1638-4442-b174-86f40501ea32,0
41d16945-93da-45e6-adf6-df135c45e1b1,1
41d7798c-1815-4ef1-8d07-a56708747be6,0
41e7a1c2-eebd-474f-8ddb-7107819785e8,2
421baa18-9d4e-4c43-bdb0-bb78677520c9,2
421df9c7-70b5-43a1-a8c2-04c8cbd04bfd,0
4266d7d7-d879-4a1d-80e9-d3c19440470e,2
426b079f-db73-4eb9-b1c5-03738c1280ea,2
427dad5a-f263-4039-84dc-7f10d1193c81,2
4298ed0b-d04c-465e-b5a5-f8f95e3d52f8,2
42af38eb-a774-4b2e-9ad4-ff2e85f14e9b,2
42bd6a80-0cc9-43eb-8a0e-4c9aebe1c9b9,1
42cb3a41-b283-4de0-a09c-4ad3ab5b0a64,1
42e9ba28-ca62-4667-94e1-df026ac29af1,0
42efe309-cf07-403f-95d4-be00c3af0937,0
43301f99-0f43-41e4-b9c3-d26c941d4688,0
43afe1e2-7b53-4160-9101-6aeac90e684c,2
43d8de1d-280d-4e83-80bb-50df68c25a6e,2
4416d3cc-fb21-4804-a762-167486582d5e,2
444344d4-05d7-42b4-82e6-a5fb99d57908,1
44482de0-ba3a-45d4-9764-69704f005cef,2
4458cc48-f037-4c1c-b3d4-a5e6adcf73cd,2
44605d84-ccd1-434c-bab6-7783939898a7,0
449855c7-d0f2-4288-a872-43566ca7afc9,2
44ab4cbb-94a9-42e4-98e2-1062ba8fe47a,0
44d4584f-cefa-4b19-986d-769d1058ca0b,1
44d6d101-eb76-4b6d-b477-c92c86f37658,0
44f3e3bb-cb7b-4399-8800-b4aaeba80f42,1
45251045-f38a-4a0d-b876-7b4e2dd6a9fd,2
454273dc-2ee7-43d1-84df-be067b00c2b4,2
45713557-7108-4350-91cb-b8008cb04208,0
45732839-f853-4985-8078-fb5e89c2a468,1
4594230c-502e-454a-be88-72558aef851a,2
45a81846-4c21-41cd-bacd-72a61195c4fd,1
45ad636c-0576-426f-b401-7e3d19c604cf,1
45da9869-2f69-463c-a07c-b4a8d54d77be,2
45f42ee2-cfca-4dd7-85a7-315ab92b5755,0
4611f803-2b42-4bdc-a587-f879d1e09311,1
4625bb3f-fd8a-470f-9e9c-253f644474af,0
462c007a-c022-4b39-b0a1-7706bb7ae55c,0
46320e73-711a-4c8a-82df-e36a24b6220e,2
46354442-cf0a-4255-8fc1-5d8ede83de0e,1
4635b4c7-b26f-4ad3-86cb-7d598af04ba0,1
4636ab03-be1e-4f61-8762-c5e7da372245,2
463b9b2f-c3cf-4f48-b52c-fe7d3a255d95,2
4644a525-5c53-4421-a01d-1789c0a72f96,0
464d1d72-4e65-4977-9bb4-8bb0a4fbdc5a,0
4691346d-282e-4762-a529-4b183f12b7be,1
46c870c2-c570-49c4-b4f6-5699a0cdede0,2
46cc3e53-1aab-4254-9041-aacd35e514a5,1
46dc07ca-09a1-4952-bc9a-64fb0bc73ea2,0
46e2506f-02be-455a-886e-96fe9813f502,0
46f464ba-844d-4c2d-a83c-0fd4faa407c9,0
4702f907-19d6-4319-88b2-013644141fec,1
47367e7f-846d-4ed8-87b8-f8893df2bede,2
47524542-50fd-4ff5-888c-e6319ab8e11d,1
47a0ca36-53f7-4c67-91bb-58965b8522ab,0
47b89975-507d-4260-bc0c-e8681c9d8990,0
47d38938-b222-4a95-abcc-3ff1e9ddeedc,0
47e30d26-c0b0-4d21-a565-74ff8023aa10,2
481fa5a3-9492-4739-9dc4-41e774bf328d,1
482faf14-741b-4582-9d6e-2c66d6f8c706,2
483032b2-01af-43af-a003-e0ee52e773b0,2
48569aab-cdf2-4417-a7fb-9e8530f0e6c4,2
48857ed6-e3e5-4e23-885b-07a4fda5b281,2
4888ce67-90c6-45e0-a778-e91fb4eae1ed,1
489b3043-b0d8-4b93-b5b1-4a32aba81181,2
489ca8d3-deb3-4450-b390-d76ada53dd09,2
48bd4494-4fc2-424c-83b7-d7fded1ef841,0
48e7d78c-df60-471f-8b63-f2f670a58dd6,0
48f6e88e-f69b-46a3-8d7c-727e09555c12,0
48f867be-6d3d-49dd-87ea-b1fcbd48f9f7,1
48fd9e72-22e2-4100-9af6-9332c4350cb7,2
490f5f8d-0546-4c62-bac0-a87ba8624bec,2
49186144-1db0-4826-bddf-f4a118108fc3,1
49486c5a-480c-4d21-9f5f-974f1dfbe0ab,2
496034cd-3ea0-47ee-935c-e0660dbec7c6,0
4966ece2-881b-45a9-8509-fb6d41fafca4,1
497a1c79-36d9-4d62-af89-6ebdd46c5978,1
499ab9ad-ca02-48b9-b196-f622c8f55cf1,1
49bcface-bbfa-4a14-8c7c-a5dc2946f511,1
49c61afb-9f1f-4759-9443-0068e4a17727,2
4aad5041-306d-439d-acbb-78d56cfa173e,0
4aaf5c72-8cd9-41d7-be30-75e1aa27d16c,0
4ac75e8e-08da-4978-bd30-bcb7b37027ae,0
4ad2e0cb-35aa-4842-b3be-51829e3fa49e,2
4aeff14c-dfa8-44b8-be1e-d0b1a700b704,1
4b2f2897-deea-4207-946c-072a569a004f,0
4b78ad4c-d502-48d7-a599-453a090908ed,0
4b8121fd-fb6d-456c-a1dc-86aec17f1cbf,2
4b879ef1-49de-40e7-956e-3ad67042cd59,1
4bea982d-bf87-4c78-a46f-3bfffb3dc661,0
4beb3282-dc69-407a-b6a6-c4097022f269,1
4c1ab908-06b8-4726-afba-9927c8223f65,0
4c1ac71b-548e-472e-a7bc-b2ff7ad332bb,0
4c29e69f-e5b5-4229-bbcd-4659b6094ae4,0
4c3187c1-b483-4df5-afda-63561e1ba58f,1
4c3aac9c-c53b-42ac-9031-df544c92f72c,0
4ca2339f-4b59-477a-874a-76e5d58e5f43,2
4caddbd9-b337-47f1-915f-5d1d17bf06b1,2
4cc800f8-c737-4466-ab22-7c9df43bf87f,0
4cdaa6b6-2a78-4f04-88b9-19165782c3d5,1
4d0c70dd-7e4f-4799-9456-fc77dbd6aa7e,0
4d3dbff7-263d-4c64-80d2-10eb9970e1b9,0
4d510e03-49ae-4ae8-86a6-919ba0474a56,0
4d681952-0a2d-45ed-8191-98e82d5d169a,1
4d7e6586-90dc-4fa2-be0e-3835277c7e69,1
4da5d8be-bd42-4687-ad30-6b9168ba5eec,2
4db42d9b-c855-470a-978e-cae8d0e657ee,1
4dd1f5f2-fe15-4d63-8c4e-b8d2c9f05ee8,2
4dd688e7-3139-485d-8d90-1c2d87dbc1ea,2
4dd76d73-26a4-4a8b-9538-3ec5bc9d6cfd,2
4deeec70-2b76-4b3e-baf7-40ac220d2715,2
4df10248-7510-4c8a-92a8-f9ae63cd4586,0
4df76b99-f38e-4a88-afe3-4258fa58353d,0
4e103cfe-ca35-412d-a653-6033cc8c80e8,2
4e1d5d29-9201-4a10-b4c0-f058ea7e4ad8,0
4e27d8e2-fe4c-4306-b837-540e5712864a,0
4e2b72b4-f596-4fb7-890b-261c62ad3667,2
4e30384c-0a84-496c-8f9a-e3456950b587,1
4e3506f0-a3ee-4324-b471-5d24753610bf,1
4e4461a9-0ee9-4ff2-b098-1f413809631c,2
4e85780e-60a7-403c-8c8a-3a5a1ba45a97,0
4e87cdc0-bcf8-403b-81f8-1495d738adfe,2
4ea7773b-e550-4a8a-8b98-d96094c22160,0
4f1a8b57-3431-44ae-b552-78eb0ef9338d,2
4f1dbf82-bf0e-4e69-9b4b-1293744aabf7,1
4f3d9309-61c8-448a-a306-cafd2af96195,0
4f6a6344-8b48-438d-89f0-b659c90d7a32,0
4f982c4e-a44f-4c86-ae3c-2b903f119041,2
4fa528d7-e2bc-4d81-8431-c4bc288d393c,0
4fe8277a-c730-4eea-8f68-b03a2c4de449,1
4ff00e58-7710-4f0d-8f2b-e43183978083,0
4ff06f34-ce5c-4097-aad3-220fe2ee3192,2
5000e85f-36b7-438e-bb93-8b7ba75af451,0
501803be-0709-4c42-b70e-695ef3fc87e5,0
501aa140-55b7-4fbf-9f7c-6ca37068c628,2
5085ae62-999b-4c75-8eb3-43d1368100da,2
50bcd85e-76af-4911-bec6-4b0d4c9b4735,1
50dc4af4-83be-4021-b54a-beb624b2a534,0
50e1fd40-e6aa-4d32-b5ed-1262a24a27e1,0
50ea0381-d9ff-4b07-855a-d95f69ecb66f,0
510d239e-ecf1-4c7d-ac8d-575541ec2d35,0
5113e852-5d6e-4e43-b3c2-6d570e547f07,1
514737f9-9e10-466c-a27a-be0d882f8dbe,2
514a145c-6871-4fe5-bfd4-4e7d37d73c4f,0
5161904c-0a40-4348-9c12-0492be257f07,0
51892d17-8b22-441e-94ad-952f052a9b09,1
51a24992-8237-4e77-8345-1c0e2429f963,2
51cefa0f-093c-4237-b9a4-3f6e298e33a7,0
51d515ee-152d-4f08-887d-0dc15863de0a,0
51d7ab73-613b-4ff6-a00f-61b6f1afb933,1
5206d13f-4461-4387-8a5d-d54b8cc780ba,0
5208942a-7f6b-4432-a032-f825a15d055b,0
523cb558-316a-4faf-8507-82d5ab357978,0
525cb7a8-74c0-4824-a221-2f8e7b9edc92,2
5262f707-3316-4e09-b8b8-1b551bad5beb,0
528734d3-1578-469a-b346-cdce5d5ebe6d,2
52a54100-abc5-4832-b1c7-cfb6caa270eb,0
52cb9ff9-dff1-4a91-8f45-06878c45fa90,1
52ecaf42-513b-4191-8786-9f5c347271b1,1
52f7ff22-c1fd-4dae-84c2-10e00ecf79e9,1
530d88a2-9b86-4876-bccf-5004ee5cc707,0
53190ef2-da72-4fa0-876d-4e74cbd3bd8c,2
536e8362-bdb0-4b44-82c8-2f4899835a0e,2
537bc8e5-2328-4bc0-9f36-b2c5e2946cfd,2
5381ae2e-27cf-456b-860f-a85ce0f0db98,2
5399d0f1-27f6-41be-9cc2-903b3fd7f102,1
53a194e0-52e2-489d-bcf2-fa9878833a67,2
53b070ae-d67d-4ab9-8cd6-ac19f266ed90,2
53b1ad00-5e8b-40f2-bcca-8e6b08aa606a,0
53c0da78-df56-44bf-a93a-abd2e5631476,2
53e95363-2363-46ed-a5ce-cc19af1cc418,1
54321464-2f67-451c-a6b9-551d7bce946b,1
5455a57e-112f-4841-bc04-0c17715a0036,2
547e461b-0c24-449a-923c-3d17d2237dbe,2
5493a134-a043-4924-a049-4da6a0d13499,2
549d9fbb-bd06-4125-b4f5-4ebd46ae77e7,2
54a504b3-db87-4a5d-b6cc-b769ecbeb323,1
54af998e-bdd1-4167-a96f-11e22cf5eceb,1
54beb3ef-b111-448d-b819-1e774e8670ef,2
54c2bc68-6d48-439b-9d53-c7907d2a44b2,2
54d4bf28-4b57-481a-8b55-59f8d8956d5a,0
55031ad8-7579-4b6c-a6e2-2637de24fb08,2
552d64bb-a399-40e4-a814-da0eea0359aa,0
55537ed8-d842-4524-9cec-3009f4aa4aae,0
55615e3c-6fea-4672-adab-4d1958d4461f,2
5566ae0e-4c4b-4545-887b-57c7e1394737,0
5579f2e1-b73d-47a7-b299-8be06f1d392d,1
5593f46b-6ccd-4d13-b40a-b82b64bd2e32,0
55a57739-2dcc-45b5-83b4-9f44489878bf,0
55ada266-6d3e-482a-9812-8f7f594087ce,1
55c5cc59-8d23-4ea7-9153-a4561fd0e46f,2
56572898-d609-4733-9696-4216ff29bfd3,0
56742ade-f50d-495b-9d4e-da3bd7f61994,1
568aa32f-aef7-4f65-b98f-580daa535e61,2
56a2fe1f-28ab-4769-bd1d-d4e3e349ee6b,0
56ef6c68-b4fb-4137-a568-7a61eb4b83bd,1
56fbd518-b74f-4ef2-ad69-b8faac182bcb,0
5732eed6-232b-49f1-921e-e35bb5fbd5e3,2
5736dd01-f7ff-4319-a5b3-1931d61acff3,2
5752b1e9-bba8-4801-96b0-badad1b6f6ef,1
5759847d-7379-4fe3-9314-e5d151ba7fc6,0
579ad7b8-251d-455c-aba1-c6a9aeae4d3d,0
579f0a53-55ac-4542-83f1-93903832804d,0
57a0b277-d674-4c3d-b6c7-bfa04c874d91,1
57bb9af9-4ad8-43ff-9d74-917a90c99fc5,1
57cad929-645a-4dcd-98ed-1ca6d8f2c5de,0
57d9c260-63df-4559-8608-a0a7b129b327,0
57dd1b90-a7d1-4341-a64a-24c85cd692a9,0
57f0a7b8-e495-4bf8-b5e1-e19d5e47a042,0
57f0c914-4114-437b-8fc6-826c012f5348,1
58017383-c41b-4aa7-bd4f-edd1fecb6115,2
580449c7-7555-4c84-b981-ef9e5355fb0f,2
58169bde-7667-4bbe-af54-31421fc6d35c,0
581e5bde-6b30-4fab-b195-b6eee21bf4a1,0
58262f32-8d33-46c3-a0d5-4767b2eed1af,2
58497cd3-8a37-4997-8ed8-c6e1dd38ac7c,1
584daf7f-83aa-474c-aba3-3ae9690d92c3,2
5866c7a9-d55a-441c-aa20-eecf190219ca,0
587839f5-e506-4ce1-a2ea-eb4d9934fc3f,2
589488fd-9aa7-48af-8e18-f13fe163976b,2
58960e79-0bfe-4541-b1da-43b1ecc0002b,1
58af5564-0a51-4d14-aaf5-1026365f3d65,2
58dbe6af-a629-47cf-b015-326680d40815,2
58f5b629-37ef-42ec-b297-15fe92d64a99,1
59267c80-c4b0-44a8-a650-1560a57f59a4,2
592ea865-80df-4802-a898-bc2e0df7578e,0
595211cf-dca5-417e-826e-fba921c8d062,0
596d4c60-baba-4dba-a332-07318bee4435,2
59b1eeb8-e2e8-4dc3-8784-a783266b537b,2
59c839a3-cef2-4175-9786-858145705b3a,1
59ebbeaa-16f6-428a-9a31-d890feb7dc1d,2
5a03b99c-26c5-4565-a63d-9187acf439a5,2
5a0d6a58-76e8-4580-be03-21e7efaa4c3f,0
5a128d18-5427-4d64-9326-79d5f6a19c41,0
5a2dfa7f-7718-468b-8bec-22827b072df0,2
5a415601-6267-40a2-bb0b-bc4d6b6115c3,2
5a52738c-df6e-4734-bf25-94fc12a06fa9,2
5a74c9a7-7ea8-4f36-8d05-7f85bd03fa9c,2
5a80b8fd-25d2-43be-856b-bf9de4bd72e7,0
5a85e349-cf43-4d55-9f68-e3380fd39381,0
5ac4831d-d328-4a8e-9f8b-2e1edc9d4139,0
5b318225-5788-4244-aaf9-2b2fa0dfa57d,0
5b37598f-d251-4fe8-8e43-b3b1159b54be,0
5b42daf9-3a96-4457-b89d-335af19e5356,2
5b536db3-2ead-4dfe-a3c6-7ce2e6e0ce37,0
5b635fe4-352a-4ebc-80a1-38cbf0142e7b,2
5b6833a0-8eb8-4fd6-a70e-90525f1d2c43,0
5ba7e594-2ed6-4e26-9bf2-65b61866a4bc,1
5bc833d3-3c64-43fd-a815-3aa22411358b,0
5bcb0332-a42c-45b2-8103-b858d2384e0a,2
5bec47a9-7359-4dfd-b8df-3998c9b0fafd,2
5bfd4738-d64b-4ac1-8145-d260beb99cf4,1
5c2fddac-3bd3-4bff-9f6c-00a7a2b2db23,1
5c56c7de-4103-41c6-98b4-9dd2cfb175cf,2
5c5e18c9-0e9f-4deb-857b-7412221b673b,2
5c786dec-7d2f-4cfa-8239-dd06535c351b,0
5c9f0d66-a3b2-470e-84a6-a2a0abc429ba,2
5cb34fcb-2c3f-41fa-88a7-a0cb898966ec,0
5cde1142-8734-4205-ab42-1eed0852864a,0
5ce476c4-adca-4d19-8ae3-dd97f9610137,2
5cf1f74b-c5fb-4d91-a6e0-f439f8e83124,0
5d2a91ff-d59d-496f-99e1-9d616591fa5f,0
5d33ba5f-0cc0-4c33-8068-65bdd611a0a2,1
5d34d1a6-6228-4dec-ba7a-e4031be9c7a5,2
5d7b958d-e2e7-4537-abbf-7b17d8904cd5,0
5db5de00-e3d8-4602-a898-82ef47cb3d4a,0
5dc61646-d31f-4644-a525-518abe7f98fb,2
5dd74560-2734-48f9-905c-dc7532902174,2
5df2844d-6bcc-442d-af68-0a5845f51046,2
5e214c77-707c-4cad-93b8-9f51414cfdc5,0
5e2ad546-28c8-4c3d-a09d-f18ae4a2beaa,1
5e3e73d9-2578-4a9d-9d00-77b90cd18988,1
5e473567-ccbc-4eed-8c51-5588b2dd8ba2,2
5e77ce07-063d-4e4a-847e-bba7ebf285f9,1
5e8672c7-1bdd-4a6b-8717-67974cddaba9,1
5e90ee40-7991-4a59-be48-3f508108f015,1
5e935a22-2f53-4b6e-8880-040bd4c69b6d,1
5ea4779f-fe32-4a18-86ad-9c4039512000,0
5ed07ff5-b04a-4c6f-b1ae-cceeac95461f,0
5ee82bac-12c4-4133-934e-283d61a25b51,1
5f05dbe8-f6d9-4929-b33e-1f223f7348db,1
5f2c4e7e-37f5-468f-a482-04cdf39ffd42,0
5f2cd70a-bc92-412e-9eee-a595bac931f7,2
5f38e1b8-c786-4ac0-bdbb-40970155a508,0
5f61ecdb-cf2c-4569-9a63-9b8f40d8b704,1
5f627f28-270d-4e3e-ad81-2c445b5d4666,0
5f7a4a38-662b-4b93-bad0-6e236b01e5b6,0
5fa4edc0-4197-4ce5-a641-4db0aa4fb410,0
5fa5bde4-f222-4e06-b3e7-b2ac3b8982da,2
5fa83cad-a3b3-4f14-b5b3-fd40875aea76,0
5fc3a2b0-ba46-48a0-a761-08ff5d842a96,2
5fdff144-2eed-4589-b978-c4540179d74d,0
601d77d3-cb0f-4a94-bdec-2e8479098a62,0
6023d923-8ce0-405a-ac18-35ff135f38c5,0
602a04e3-3300-4284-87f4-95bc5174e593,1
60391983-343c-4291-94da-654d3b2ba366,1
603e5a23-f3e7-4a67-b12e-12e0e5a4bbfc,2
60452d43-7ad5-43e3-830f-885a08baafaa,0
6053d707-8481-43a3-bc19-1e0245f611db,2
606772ea-093c-40ee-a41d-2c2654d4a0da,2
60752b04-dd8c-49af-8711-c5144fd57b10,0
60962683-9129-4b8d-9da2-7c0e564e5e61,2
6097e73a-bd28-4104-85ca-02a909b48f2f,0
60c4470c-0980-40b3-a6b0-5c664406cf71,1
60d69017-d041-486e-bd77-c9eadf8a7214,1
612d2913-9e58-4e5d-b98f-0e0b003534c6,1
61325139-970d-471d-b1bd-8fe2b56d6719,1
6135a982-91e5-48ca-9322-e39845596ac3,0
613d3d18-4bde-404b-b524-f00b85b0d098,2
613dbb32-4d0d-4288-9058-982f72835f9e,2
614210a3-196f-4cdd-a1c2-e6e9d722ac59,0
61511a25-c2a8-4987-8167-d9b3cde889e9,0
615ae332-d3cb-4036-ba8c-d3585f7ffaf4,0
61926c14-ed62-4d38-afd2-a02734c3f495,1
61d8869a-dcce-4844-97f6-aa0b6de681df,2
61deb3ae-21bb-4a4b-8ac9-786cfbe6d069,2
61e734f4-3ad9-4da2-a076-f162381e7513,2
629e9e09-d795-43b0-bb7c-17c1cae6aa11,1
62a8b9f0-ab58-4716-b064-86c4dee7018e,2
62bdccfc-3248-43ff-8cfb-ec623fd6cc5d,2
62be6e77-6c53-43de-96eb-85506c2632c9,0
62cd96a5-a020-4947-a7f2-4056e810f981,1
62ceffac-1329-495f-8b8a-abf67a22cdbf,1
62ec4bac-696a-468e-a937-864b4e47cd4f,2
62fef822-299f-4c37-8bea-1014dbfe8df2,2
63144274-8fc4-4615-b6a9-f1e80c259bfa,2
631e5eed-17ff-4863-a17a-02aacc58d81f,2
632d549f-20f2-4394-bf6d-6b716f0c1973,0
634e940c-5b8a-4957-8a69-fd170c343536,2
63a456e7-fdf8-41ac-8540-09c6254642c4,0
63d62c86-486a-46f5-9c9c-d9306a59f8ed,2
6402fef1-d878-4681-a8fd-5c209b2bebfa,2
641e102d-6f08-4c66-8005-49714940d875,0
6428c881-f924-4325-8b95-6c6c59670205,2
642c27b4-eee2-4c1f-8da0-471cf1db9868,1
6441696e-2dc9-4ce4-90b5-e7b0fbe46d2f,0
645acb01-ca05-4b03-ae5e-7f03fc850b72,1
64739643-3ede-43c3-9872-61b23189c4a7,0
64863005-e45c-4631-b586-9a43314baf2d,2
64c2aa7e-b595-43f5-b957-259da7223781,2
64c364ae-b745-4e18-86e6-f7cc1d4bc42b,2
64c8f9ea-0e32-41b3-9325-ec8d535496f6,2
64e0cb36-7910-42e5-967e-ae128fff0a77,2
64fde329-0fd0-4efd-8e5f-b2cab183f8dc,0
65614b6c-088c-41f1-bb89-9dd34651c470,2
6579df5e-6527-4f44-bfd8-1d561a86f8d8,1
65be2950-ac2d-49c1-8b18-7974fd68c225,0
65cb5df1-7ab2-4f43-b1b5-5a35487b3d4b,0
65ccfceb-35af-4f20-a09c-8f43cfe96530,0
65d3b630-8909-4f8a-8243-68fa8125cf42,1
65edafdd-adc1-4577-b1f5-66c3aa236d5b,0
65fc7040-0e8c-4fb5-bbf7-a315c4b66995,0
660ddc82-3d3d-4f43-bd4e-301199d799fd,0
6636a906-4380-4b2e-8bda-d7c25ce4b90a,2
66425373-42ef-4618-b1ce-4cdb7d77c033,0
669d31ca-b4e0-4acc-ad3b-4554cf66dea7,0
66ac379f-90f0-4857-9050-2c67d4ad3272,2
66bcf056-d621-41a0-88f3-ce84b516eff3,2
6774dcfc-fc25-4b5b-93c9-a05fdc7dab17,1
67873082-5c99-4e49-af21-942ff37f293a,2
679df016-e851-4038-aaee-a0ba1debba18,1
67c454b8-1d26-43e0-aaf5-42583e6cb1fe,2
67d6fd46-c45e-434c-9003-5c5e6713b998,1
67e2dc67-ab4f-4e48-b132-b4ed5afff598,2
68106970-8426-43e2-aa68-c67eb5154c55,2
6810f494-f6ac-4517-a9bb-17af4b0fad82,2
682d3c5e-3979-4707-953c-9282bfd0c905,1
688124a5-443d-4e35-b3ac-e4077daf6724,1
6882650c-4490-4ccf-b283-9cfd4612ab7e,0
68964abe-5a5b-4d4f-8884-48accd444fb3,2
68a5e8dc-bcd9-48e0-b48f-540f8e2075ea,2
68aae89e-d770-4c6b-89c5-b43f3a79a58d,0
68add977-ff2f-4dd4-beb6-70905db05623,2
68bed5ba-ce47-4c42-b91b-117dbdd352b9,0
68dbdcba-6b70-4bf2-b357-a71c34005360,0
68e68347-be22-4026-9704-fd06665761f7,0
68e73ab1-3ab6-4a4a-9fed-943da444ff19,0
68fecce1-4881-4f24-9930-9a9d62852678,2
690204ff-81fc-4d85-b513-8b28092cf995,1
690d079c-12d4-492a-b539-750df9f6ff18,0
692c016e-3ca0-4b84-ab27-c035d2605988,0
69351a39-fe29-463b-90e0-561fb57acd95,0
69415e67-d390-4782-8baf-188eecc7b264,2
69441627-a152-4a8f-ab2a-793d664cc0ea,1
6990c15f-55ba-40f5-a1af-69fa6bf4cc79,0
69949a52-240a-4173-9574-a083e91cc34e,2
699b6f62-7606-4c3c-acdb-9d2f860bf377,2
69a81363-12f1-4692-bd34-29689147b906,0
69a8f068-416b-4c02-8cbb-51de09dc35b7,0
69aeb396-b5ec-4f99-be7a-ede2a50bd07f,2
69ca402f-5780-4c00-8625-765fa051cecf,0
69d7cc02-95f1-4ef9-9e0c-64370e024795,1
69e26b4f-3aef-4345-a72c-684d201ac2dd,0
69eaebda-f1e8-4774-ab86-fcbdb5d2157e,2
6a63b527-587e-4a9d-b6fc-324ccf05f7ab,2
6a6ac826-b4b0-435a-b776-f6fc836a4bc3,1
6a9858c9-178b-471d-9d3a-b72c2305a253,2
6aa7d7e6-a7e4-43f4-8101-e8d31cf05569,2
6ab81d77-64b9-4064-8a01-28228caa364f,2
6abb5749-e7db-4fd1-b624-85d98e5e3ec8,0
6abf983a-9cc1-4fb2-a7b2-c64f9eb9d5fe,2
6ac32b50-d4db-4c58-b634-4eec965b8f89,1
6ac3cfc7-2953-46c4-af1f-6b06a4f2fa13,2
6acefe5b-0847-4246-abc8-359fb84ccbcd,0
6ad3743a-92d4-4d32-accc-f300f930103e,0
6b08be29-b6b8-4859-8612-fbf6dfd28299,1
6b31f149-0f1f-43c1-8ce1-e03e358fc68d,0
6b36a878-8571-4655-b77b-4c52ccd71f3d,0
6b5c2bfd-7446-417e-8d05-e718ac8133de,2
6b6080eb-033c-4782-bfd2-dbe3029293a6,1
6b64e6b7-cfa7-4520-a78d-95a51c870935,1
6be200eb-3040-4a71-9811-cf3925a21a35,1
6becf4f8-a294-4507-ad8c-ddce7bb75115,0
6bf265c7-bc93-482a-ad68-ef5e3aa89d9d,2
6bf35d4f-3fbe-4bbb-8cf7-198fc03966bf,1
6c27382b-9dac-4582-a68d-b6e568024507,2
6c598e4e-2ad3-41c4-b81a-1ab3460ebb4b,0
6c676cc6-54e5-440d-b286-51429fe72aa9,1
6c9406d6-f8a0-489f-9cd6-6b6e0f6ed1a7,2
6c970062-bf88-43ff-9f1c-52ceb801e128,2
6cc19fba-278c-46a2-8814-22591556b199,2
6ce38a4f-a53c-4e06-9af5-d1d1d15f4366,2
6d1213f0-535c-47b1-abce-c8dc09475966,0
6d247329-d675-439c-820a-3acac5c6ee7e,0
6d2b7c32-83dc-47de-b807-f105afc7bdb0,1
6d2f677c-f646-404e-9739-55a7eb20e1d6,0
6d4ff12b-8cd4-4095-97d2-ff8523d35658,2
6d695935-ce2f-406a-aee6-57b46c29b704,2
6d7ab253-9856-46c5-aeef-d448b5820e8d,2
6d891524-f256-48c7-83f9-c93e3b55aa39,2
6d895e89-3688-4b02-97ad-85b1a720e304,0
6da1ee17-095d-476c-84c5-3b90135d1c2c,2
6dc97a52-966b-4cd9-ba69-10b60fcb5d1f,0
6dd1c8a6-d4bf-4d3e-a349-abfb6b9c6e9a,1
6dd1d819-e7fa-4810-9f0f-2c3c9b14faf3,0
6dd8de11-bd8a-468f-962a-3ed51fb6c376,2
6e03f314-2050-47f7-968c-5e775267e2a0,0
6e04ca0d-7d08-458c-b187-db244b51d642,0
6e0b6ab4-eb75-4038-b1bd-e72b9d2d05de,2
6e0db185-f213-4e7f-bf85-7fd3d34b8dd4,0
6e213f15-ea60-4dc1-ac12-cee74bec9904,0
6e2ccaa2-7629-4085-a339-e859ef1182ba,2
6e35721c-f618-4fb2-a0a5-bab2d331a471,2
6e46590a-3bcf-484c-a428-90e61c7464bf,1
6e535efa-7a12-4bf8-b795-e15c4542a376,2
6e9ee25c-8f89-4e9c-826b-b840b05f7ac3,1
6eabe63f-8710-48f0-85f6-45f346705b62,2
6ec6d8dc-b2dd-4994-9c63-1e63cc212b09,0
6eecf871-074d-4c30-8b88-fdb86a5eaab7,2
6f114faa-a34d-4974-96bd-846f74d94a0a,2
6f1c6659-747a-44bd-92f5-45f63d89d385,2
6f802af5-f63e-49ae-81bc-48084a83a9e9,0
6f80ae76-304c-4d4c-99f8-dba9e63dac12,0
6f905e44-9dcf-493e-a9a9-351b8e45a8bc,2
6f95c2fd-1c69-44e6-a584-023b95181c8d,1
6fae650d-0ce2-422d-a5b8-aa3608bb7949,2
6fb3c446-79ff-42ba-b374-5156349f7154,0
6fd1df67-4ae6-4477-aabd-18813a3e3a5f,0
6ff00530-25e7-4c3d-b4d0-3aed6d5b77ab,0
702a1dc2-c129-49a1-b9e9-0b1e144928e5,0
702b75fe-3a37-4d5f-a373-1dd1576cf66f,2
7045a3ea-15e3-4827-b6ce-9dfe0dc4f657,0
7045fa12-e708-48d5-9abc-07c1a6a65c61,2
70500556-6ac6-4bae-8ef3-8e4bf56b6cf9,1
7056644f-5fc1-42ec-8da1-3bf0c8d1445c,2
705cb598-508a-4342-97e9-6ac8ae6a6f4f,0
70836100-ccc3-4aef-9871-8fabec915616,0
70898ff0-34d5-4f92-9517-b9224703fa46,2
70e9d33b-4c64-4684-a0c7-4ddec0648894,2
70f35595-d8b0-44a3-9b4c-1e51c0aac643,1
70fc3d2d-33b3-4a29-9120-b879480d88d0,1
70fe43a0-3745-4723-900f-31fe721240f3,2
71029133-b85c-496a-8602-74c580e00229,2
712298d7-c8cc-4461-9e5b-343b5c5a2d88,0
7128262e-57b8-466d-a869-b0994dd73c8f,2
712a4349-8d7e-4d08-82b0-158ca197cd78,2
712e148a-69be-4e71-92e0-e12acd2f7c16,2
7137e43f-ea89-4ce5-8a72-abee6cf4a72f,0
7162bec1-8a46-4d3a-b2e1-325499659d34,2
716dccc1-72f1-4e0d-b5f6-859a13d22ca0,2
716f11f8-fad8-4dc3-af89-8f85c4bc182e,2
71803d84-2f7b-44f3-8905-faf2c27402aa,1
71a102ab-ce9e-4409-96cc-7f6b3b51b4b2,0
71af5081-c523-4968-9b0a-c21b9579a610,1
71ddab52-1f75-40a8-9bdc-2b85ec655642,0
71f7156e-0bff-4b4b-a023-f60fd810916d,1
71f7c34a-935e-4e5f-aaa9-e9d0d216a02f,2
720276ba-fae9-4800-b926-500b78d2b388,2
7240f697-ccf0-4fde-b1a2-1ea97587a84a,1
72c99387-84b5-4ec6-9826-1f3a38cf9733,2
72da093c-613d-49d8-ab4a-cefe5e3e3359,1
72dd3f14-ea7e-4120-a59b-8317c3aa0e29,1
73448b6c-0f89-4ad6-86c4-fe1e52887699,1
7374a57f-8766-4b87-9c51-196b4d022a97,0
737f3f38-1996-4b09-8544-aee158b705a5,0
73840409-ed1b-4ab2-90ce-b68b5842b104,2
73ab731c-7329-4788-9f5d-f8d627bb73f4,2
7464ddfa-cf25-4b7a-8d38-4b1b59bc4056,1
74ebb4c1-6284-4a21-849e-3a60af584bd4,2
74fbec2d-ca1c-45dd-9891-888ef076a12e,2
75040e8b-742f-49ba-8ded-6c1cd5bfedb3,2
751717e9-8f1b-42d6-b480-97958caa4131,1
751be156-0a2e-4c0c-b95e-907e5f56f315,2
75214051-deca-4354-95bd-7ba875c05b46,0
75296fb9-e555-42ca-a86c-15b6bac0c967,0
75382deb-30cc-40c6-839a-872361fee9db,2
75427f72-9a45-418b-b36b-13cf04985c11,0
7542c7ef-cbbf-4e22-ace6-30cf4ddb6c3c,2
7552bb15-7834-41f8-b2e1-41b4615a5cf5,2
7553d697-59c7-4be1-ac86-b19e375eb556,2
7557fc46-444a-40da-8d2a-e8a05faa6d54,2
75b2e913-4f61-4775-a48a-bfca51577a0f,2
75ba31d7-7a96-4d4a-8f54-2726cef94742,2
75e0f7ea-9248-45bc-8dba-d2e4e14366ab,0
75ec2b35-de89-430e-8677-59a44376a829,0
76203526-7d81-480f-90a0-24e80397c92b,2
7624dc8f-563f-4663-9893-bd2efafa5fc5,0
7633f192-816a-4e0b-be3d-f8fc963fe26c,0
765980a7-635f-4ccd-9874-bd831ce8e0a3,0
7662255f-93e2-448d-a333-a9224eafef11,0
767e7db2-c897-4c34-b844-ddb82733e893,2
76947940-1a3b-468c-a3a6-f3f27647c11d,0
76a38612-93e3-4618-ab62-9647cff056dc,1
76cb6832-8c8f-4f08-8446-d96c168fdd78,2
76d49280-3c9e-488b-874b-ab7bbfa0ba4e,0
76dcfcba-d096-4314-b1a9-a0ea5ef69690,1
7712448c-b4db-4841-8605-6753ac7f0879,0
77220af1-feee-452c-92bb-839e64483fb3,0
7736fdd9-e484-4043-9c5e-0326dff2bee5,2
77373ba5-0ce3-4f93-bc52-688bfa724ea7,1
77396d81-7493-45f2-8d10-198c11d9e0ec,1
7764e6d0-57ce-48b6-9bd0-cd84a98f1f74,1
7768adec-bcd3-41b8-adab-6ed97e378f51,1
7769c5f1-a6ab-415f-8f5c-efd89cf277a8,0
77bb9711-1723-4297-b2c2-2b47003630be,0
77e14807-a4ea-42a5-b13d-7459762cf823,2
780cc1f9-02d1-4ee5-b6df-23c1f7d8046d,1
78497900-9939-44f5-bb3e-1f55938ed2c0,0
784b7dd9-7ade-4fe7-863c-a3ec30ccc8cf,2
787e1bb7-19b0-4c29-b091-af2cc2ab47ff,0
78839b94-384c-4c4b-975f-5d68afcab416,0
7884f353-1969-4d2d-b805-31790e0f4008,1
788eead1-a405-401f-a90b-9f246479c426,2
78beca44-79f2-42ef-8cb6-c809dd5df55c,0
78da29b2-e6b3-4494-a019-bdce32a2c91c,1
78da2b0e-fd5f-477d-8991-0d75e363ba1a,1
78f72d34-15e6-47c3-9696-5dd251542bb5,2
7908a9d0-b0df-4ab6-8f0f-051bf9401997,2
7917cd55-4707-43ce-a3a3-d0fbf23ec785,1
7932d44a-42fc-480f-bc52-95dcb842d473,1
79482826-8042-44ff-80b1-b61c884e649d,1
794b4eb3-bbf2-4ae8-8a0b-0f9b54d7c2da,0
794b9c9f-516a-4f7d-bc86-bb09985ee210,2
79803bff-c0ef-4219-a3a0-fc599541d355,2
79845b60-b3da-4970-b87f-cfa55c7082c5,1
7997f73b-3de4-46f7-a3de-0fa15c7c510a,1
79ba738c-87b6-4b31-8947-f6ca82a25ea2,2
79c83a77-8d63-4c38-85de-bb0b52b8022e,0
79d372c0-0dff-43d9-84f1-8685d1dc0b35,2
79d59036-d9e0-40d5-b061-67bbbcccc8ec,2
79dbc33a-545a-4b27-88ce-eedce85d044c,0
79fceca8-7f08-42f0-bf77-ccb0c3c1a31c,0
7a0f64c7-d8c9-4338-8f26-da45adb45fda,2
7a62089a-0fd4-40c0-90e9-185940dfbfef,2
7ab9da76-e613-4ced-b2a4-778f8fd915e3,2
7ac1e5dc-0f95-4dd3-8512-7fe32ac4b705,0
7acb4e08-acb3-4782-a802-0e0d3891482f,2
7aed1e4d-6538-4da0-9518-5d1204e4b5dc,2
7b154c1f-844a-4429-94f6-190e0481c51b,0
7b45165c-0257-49da-adc1-22dd79d1bb9a,2
7b45b09c-bbc4-4b39-aef7-51084f6c4c25,0
7b8d4ec3-b0f6-43d1-b3fc-5b55ed5a3bef,1
7b8f656a-1025-45ec-98f7-fe4f4d58ca83,1
7b933f20-3351-4675-8d09-595cf8b5fa87,2
7bad436f-5d58-494f-955d-37a496389a61,0
7bb2729a-6a2b-4dc7-b6bd-fbcfcdf22a9d,0
7bc2e70a-2000-436f-99b8-7c72215629bc,1
7bc53242-307d-4f4a-986f-1bafa60cdd30,0
7bec2aeb-f237-4dcd-ba96-8b45ca248f08,0
7c1cc23e-215c-4c1c-950f-bcaff029614a,0
7c1efa3b-01e8-490a-a44a-1db5873f790a,1
7c5fa08d-df24-4c57-9f37-cf5c3c559e2f,0
7c68c070-4353-4000-ba31-8ecc5b338840,2
7c6a53e5-1e92-414e-80d8-02961a03f264,0
7c76e002-ae68-4977-9441-c27c6f710dbb,0
7c907669-4766-4491-ad87-f60d50586f4f,2
7c953a3b-1801-4318-831e-becb2f8d17f3,2
7cea350c-7e08-4100-bcc8-f60e3b0408ce,2
7cf92328-aa27-4b13-a176-a7b69f6034f2,2
7d1e463c-cf9e-42a2-87eb-9eafee3a35d5,0
7d29b791-1f09-4542-964c-c8b3f2545959,2
7d2e502f-cb41-45e5-ae01-6a98d5f58983,0
7d32852e-be57-4780-bb5a-9de0bbd07314,1
7d81379d-45c9-487d-ad73-6c76426c2619,0
7d8e1f91-c0f6-4f4c-926f-13bc356f2dcb,0
7da29fe7-82ae-4a9b-9180-4588036e0aed,0
7dbc6f89-0d60-45c9-bfd6-741bb1de0842,0
7dc9f7d2-927c-4ff5-9c07-3cf6bd0c0c0a,0
7dd3e238-c637-407c-afbb-ef3ad2eaf399,1
7de764d8-ba65-45e9-91d4-51d7c4f9b12c,1
7e0f0159-bdac-467d-bb0d-4a393722a986,0
7e161942-3d1e-4ef3-b8c4-0a16f5cf9bb5,0
7e66d80a-fc2b-4c22-b241-ae7923ce034e,0
7e6ca469-b1a7-483f-bb28-3da83b83c064,0
7e848b79-096d-4262-9bd3-15a181e68ac6,1
7e92d833-6dcf-4dc9-885b-6881820f4c05,1
7e92ef78-1d69-4efd-8d41-19eb19ffb2bf,1
7e9e55b6-3f07-47df-b127-439e23b18f00,1
7ea491ac-ca4e-496b-8695-b06258977915,2
7eb7fc46-2a19-4622-8e2c-39be0214bfee,2
7ebf8b2c-7a5f-47ce-bf62-d16330f62c49,1
7ec26557-7de6-438b-a584-c575317949ad,2
7ecea14d-6434-4147-9b33-af6127fc02d4,0
7ee100a5-d4fb-40df-af9a-559050daae82,1
7f0a14a0-f93f-42de-9ebc-e501663f70ac,1
7f63ceca-0b75-4746-9954-85d9a8e90937,2
7fa2d268-aad9-4dc5-b4f4-a87f64361d3a,1
7fcc6bbc-5505-4786-b035-49b23950b949,1
7fd4a831-7b67-4da7-ad90-ccd1433e138c,2
800e4014-3d68-4e8f-bb13-dddc951cabad,0
80208df6-eb01-4106-888c-d7eebf2cc642,2
802f1b97-00f3-4d6f-ad17-e6b5f5bd77be,0
8034812d-586c-4dfb-b977-13a326bb947c,0
80583863-25b6-459c-8f41-9b4b8a8c1ab3,1
80621013-2c90-4abf-a349-aa111755fd9d,0
8062f079-1f7b-4c48-a4be-ce40634cc1f4,2
806e0e88-4ee1-42ef-9e4d-d1f80e918eab,2
808fb5b5-5cd5-4e0c-8858-5863bf6ae9a1,2
809b275b-0ad4-4365-a00c-cfcf2e67ee21,0
80aea48f-1f1c-4129-9220-785e932e0bb7,1
80c5d79d-7439-4aab-a9d0-42668b713b76,2
80e0dc40-c942-4c27-85ec-14d7e6868315,2
80e485f2-9f50-48ad-babc-ec254e6af122,2
8104a1a6-4ca9-4544-84e5-8f99afd8c9f5,0
811d8176-c6ff-4a4e-b7f3-18511c5bc48e,1
8157a096-85e1-4f60-a19f-1c463ddd197c,0
818fbda4-503a-42f1-a21d-22e2b2332674,2
81b5d053-7896-43aa-a324-be7e01608ba2,0
8217ee30-db2e-4fd2-9af9-25161d95cefa,2
8224174f-1c2a-4785-bfc3-23a3c3443011,0
826c961d-c9c6-48de-bee7-afde42becb05,2
82a4b0fc-f565-4838-b255-b024e29c40b4,0
82a4eef5-e3f8-4a66-b33b-d887b1dc984a,2
82ba2bf3-551f-4466-9e48-f8ea143e9882,0
82c847b4-664a-4295-8c86-38da3aa31324,2
82e19068-1986-4944-91f6-7476086b1303,2
82fc3148-e765-4258-bc0d-460061b0c2d4,2
833ba827-8d5e-41f7-8c54-45de95cbb45d,2
834b03de-6186-4551-86b5-151652863169,0
83681698-573a-4ea0-98f3-cb8023b885e6,2
836a88c2-835b-4b58-8b8a-536470a797d8,1
8383ac10-8bcc-45c6-b857-6ce25ac40e82,1
8387af87-15da-4c9a-9467-94c28580cded,2
83930ceb-0c9e-4b41-82c3-68bf02cf0910,2
83c3f4a1-7c17-448d-a22c-c0a7c1c0f45e,0
83dc1b6b-a8d2-4bbc-9893-13166cafe5dc,1
83de3c80-7159-47f2-a233-d029d2759e61,2
84092084-7bfc-4ec8-8fef-b40f8adfe35c,1
8449eaab-98a5-4711-8e01-24c3c4f84152,0
8461be5a-15d1-4c9c-9913-ff51069fc82f,1
84795f23-5678-4d06-8fca-1b19b5c8b3b7,1
84b66ebf-6162-453e-83fa-44f60c877c7b,2
84c8d494-d3da-4d0d-af5d-c2a1153466b6,0
84df6926-569d-487e-b5ce-963a37bb413f,2
84f85922-1362-49d7-a03a-814b7fdbaa21,1
8548c1f2-aa10-45c7-8412-90996eac22c7,0
8573ef9e-e065-4a30-911a-2e116d21febc,2
857cf9b0-5ed7-4823-ad24-3bbb0cc7f9bd,0
85823ded-8291-4a64-8189-4254aa387f0d,1
858418ba-174e-42f6-bf7c-37f6f1b9ab57,2
85870d50-5a11-4338-8a72-09ec9407016f,2
858bcd19-dbde-4bc7-b7bd-8099b613ceab,0
8597806f-75c1-4215-8170-5627f97f7056,0
85a6362e-9565-4797-8481-a07c86adf108,1
85b5aa17-5ed8-4ba1-9e59-44b055b4bddc,1
85b8c37d-3019-4860-8096-6f6f789d2e8a,2
85e27383-0d29-474e-ac51-9d3ad7c6f909,0
85f441df-e304-4257-b321-b39be6e698db,2
85faf371-1887-4180-ba57-f6d9c262175f,0
8600126e-ad32-4e56-8151-9050eaa54574,1
86063ae6-eb36-477c-aaec-efaabd8aff24,0
8617ca1e-4721-40fd-8f38-e0a8729acaf3,2
861935d6-244c-45b2-b1ef-79a5bea4046c,2
8674c067-dc21-460b-bba3-92efa7be6837,1
8686330d-26bf-4c7a-8010-b440373ea153,2
8693ca72-6dee-4210-a075-3a3d565e8c2d,0
86b3e70d-71d3-4092-9881-48cc5e12996f,0
86e78968-1886-4c11-9ae7-8988db013c2f,0
8722eda5-7331-448a-82c8-3d63221d4624,0
872fcbbc-1fe4-46f8-980a-19701a84c652,1
873bcf92-ebb0-420c-b520-6062e853ca8d,2
8743b27f-62bb-4878-9639-383335170d7e,2
87659139-5d90-4707-8e44-39a2ac9c4894,2
87683247-af69-400a-b8bd-183391e958b5,0
8793e2fe-0882-4f9e-9bdd-4db6a705d2ae,1
87ae1980-0b70-45ca-97f8-6e6a38b58df0,2
87c993e8-780e-48b6-b847-1445ceaeae5a,1
87ced2fa-cf63-473e-af12-6068d9f0a63c,2
87dd6fc1-206c-4a8f-975c-b2bd523ebc70,2
87edf341-fa47-4108-bf81-143af51bed79,1
87f28e72-b0c5-40e3-9bd7-6fb63063b6f6,0
8805bdc1-16c5-4217-8f23-e68da9e91512,2
881c6f75-b88e-49d4-85da-50ac5735e7a0,2
886aeeba-e3ec-4499-890c-2aa033d51670,0
88795d1a-101d-46a1-a610-d93f8efcec3d,1
8881e990-ff7d-4b26-9b00-9ddd3384b7e6,2
88f3347f-58f1-4491-bd28-ac2392acd7dc,2
88f4e684-ad62-49d8-b262-5c15c64e3cad,2
890f9eb0-9a2f-4607-8f82-a52c1a84cdb1,1
89304fce-2a3b-4d84-8132-0812ea8b011e,1
8936e43a-6d78-4d5f-8253-ed073a7a5e74,2
89682cb9-0e03-4096-89ed-966f66a916d4,2
89826a95-e873-43b8-9ec8-c075dc2fd282,0
8990d0a8-1d16-44d0-bd51-51b5c0f083d5,2
8991ac3b-5726-475d-9170-e5da864e327f,0
8991e490-2d2d-43b0-be4e-82d88cc00ef8,1
899b34d0-97eb-4a13-b09a-3c0d00787510,0
89a22d2c-a352-402d-9500-3740431c4246,2
89a31288-6bd3-4bc5-b658-87cd4915b090,2
89a43cc3-0ad3-4af1-95c6-b354fee55c4b,2
89a65469-83a4-42aa-a503-4c3da18a8774,2
89e21800-65cb-4e13-867f-d2f9ba78629b,0
89eed984-b0cc-42bc-ba6e-afdd426dce1e,2
8a21071c-5ba8-4879-905f-c8942193558a,2
8a35407d-6dac-4acd-85a6-0618b6474a9d,0
8a3628b3-e1ab-4fce-829c-12e968763359,2
8a544b2e-b249-4d4e-9b0c-b13fa212de15,0
8a5d60b8-520b-4858-89be-2bd6d37ac6c0,2
8a7339ff-9532-4ded-a311-57a7020c2b87,2
8a85c880-cc83-44b5-93df-36bffdebfc55,0
8abb0005-b831-4986-9e7c-eccc5d09ae0e,2
8ad386f1-4284-4d2e-8cfe-c4a187115f5d,2
8aec9d1c-e656-4554-9ba8-bb0a5c2c4af0,0
8af3aece-1a6f-4cab-8b61-d43a865268e9,2
8af57666-053d-4af5-8977-8f4646de33d2,2
8b07fc4f-34d1-419e-9bfa-b3bbec335043,0
8b09dc94-1fbc-48e0-80df-8640d368a1b6,1
8b11b406-00ba-419e-b4e9-3600c735d107,2
8b1fec10-6aab-4404-a0de-a9048983191b,0
8b27ced0-c960-4b53-9921-a287cf0c877b,2
8b2f08e7-b270-41e8-9abf-ab39f60ef78d,2
8b36f93a-909d-4164-b20f-473c2d329995,1
8b70131d-d7a9-4369-8aa3-736772f7d8ff,2
8ba416bb-1fc2-46dc-91d3-b940586c3506,1
8bab132e-630d-4136-a715-1df402f9969f,2
8beaa38c-8da5-4320-83a5-4df8a0d26203,0
8c5620e1-992f-4963-97c7-f6006bccede3,0
8c65fd3c-b773-410f-b1ec-cb9276225381,2
8ca545e9-ab21-467f-b301-078d39fab9d8,0
8cc9dcf3-792a-4e51-9191-3c70e5346da7,0
8cfeb6f8-6ead-47ad-a28b-9be227fbea96,0
8d219b06-59b6-4893-94f1-dece29962f64,2
8d25dbda-d0b8-4efd-b4a4-e7ab17c2c7fd,0
8d425ea5-3267-4c0c-9b90-300e7d633ab7,0
8d897839-adea-4fea-989b-86929855d804,2
8d917af0-dd0c-48db-a06c-93106cbd1573,0
8d99cf62-2844-4c76-9add-acfc5523f877,2
8d9e0625-e77b-40d9-934a-9aa6ff2ea7cf,0
8da80abf-be5f-409e-9647-5fcc3fa77cea,2
8dabb3e2-cf85-4ce6-a256-d6aa767c069b,1
8db7a0d8-95a3-4162-8c01-0279ff1f6b7e,0
8dd353bb-00b5-49cd-8910-706b1c4bc8ac,2
8dd64285-072c-4407-b057-4bd8909e320d,1
8ddc0bff-694b-4618-a88a-cea3bcc2c70e,1
8de32bb1-6fd3-40fc-92b1-29ab28eb6eda,0
8dfaa9e0-643e-45ef-86bd-77fda1f05a11,2
8e8262e0-a3ce-4d3d-b83e-1d18664a17aa,0
8e98fa92-7a4f-46e8-99e6-038de09c9b86,0
8eb83f6d-0925-4556-acc4-7214b39d8ac7,0
8ef15fe3-ca39-4e5f-8929-9a887b36b661,2
8ef23cfc-3fa0-45fe-83f8-1726f12c7d74,1
8f2c9864-74d6-4ad7-9586-dd2107d53900,2
8f941f23-d499-4c14-a4c0-706fdcaaa0a2,2
8fd21ea7-302b-48fc-9159-614d547171f6,2
8fe7d664-56c5-4b12-9d80-7900ce33cf1c,0
9017bb05-e837-49be-b001-5d88370d24ef,1
9059ef10-55c8-492d-b026-78bec0281030,2
906437b6-62a9-4594-9978-bf501beb4f73,2
909d5b1a-30aa-4c6f-9ec2-5a0c502afce6,1
90b37f5d-1395-4098-b574-c7398211903e,1
90bd3c47-2d28-4919-9763-8f67a5fc2178,2
90be20bd-f801-43c2-98c4-5ba064af2713,0
90f2ebc4-b745-4eef-83f8-39dd8ec92e39,1
9193be4e-14e4-4919-8d88-b2b2c4cc182a,1
91956ad9-0d07-4299-bc07-efb35eb05fdf,2
91b990e0-7874-4f5c-a968-c1fc929d7b8f,0
91ba0175-ce97-4334-94c3-43945a2eec49,2
91d0201f-03cd-4946-a2bf-7f9b7f202c03,0
91df0a8f-d418-4721-8177-ba8bf83f283c,0
92095949-1604-415d-8616-b666a7669ead,1
922ba33c-f6be-4565-9fc6-8eeb6b40db24,2
922cdff1-ecc4-4e9f-bf4f-7b6878d61fac,0
9238d387-7ea6-4708-bc69-f23e455399fd,0
9255ed25-53d8-4a9c-a8bf-2361ec2c9bc6,1
9291099f-83ac-421f-84ea-d632259470d8,2
9292eaea-9b49-4f78-95ee-3296044368e3,2
92a1d02c-2a3e-4732-b32d-796b3bee4955,0
92a41c75-63e1-4cbe-b06a-82cfa96d58cb,0
92cef6d5-41ca-4d6b-b354-1da852e0475e,2
92e7592e-a6f0-4109-8004-caa58eec8434,2
92e938b3-dd93-4bd9-b745-b3ccc0dffa8d,1
92f425d7-dec7-4253-aabe-2e3bc46d583c,2
932a1bad-8b5b-4e2f-b90f-c94d0904e64d,2
9360413d-f3db-4731-a40a-61ed48d5beab,2
93705cbb-ac3c-45a3-a708-eb641eba7c15,2
939190ea-0fda-4b27-a8c9-62846d904710,1
93a4ab20-50e7-471d-a999-0586f6e2a04b,0
93b4a73d-130d-41e5-8fe1-94619f0fea54,0
93ba6a42-1950-4a2d-a6f0-c1470b935552,2
93e10e28-18a4-4081-b8c7-9ec3322a20f1,1
93e57569-b8ee-459f-84dc-61de667fa331,1
93f6542b-2aec-444c-8587-482e5094be19,0
9454884f-64bd-4595-9ded-e657968e38b2,0
945f346e-fbca-4cdd-aea9-da1edc9ef103,0
9464bc19-0a74-45ee-a342-b7e925730d20,0
94656953-6ed0-41d4-a815-ac9919a8cee5,0
94942069-a5da-4731-a448-8823bee7928e,1
949c809d-b4a5-485b-9f93-86d081181a4a,2
94abc0d3-000d-4414-9b5f-c8871cbeac29,1
94c603a4-504d-42a2-9ba9-86f6f8b2def8,2
94da0538-41aa-47a6-a8e3-ef576d0116a8,0
950bffde-825a-40ad-9a90-5527bf930e99,1
9517d1c2-109b-4d60-b0d1-e585f5cc3069,0
953fe3e4-804e-4c46-b8e1-2cdd4ae64738,2
95772998-0872-442e-bc40-fdf0ff8c693c,0
95b29edd-475d-4e5d-b4e9-3adbb78ca55c,1
95ca8367-0851-44a9-8f4d-d7a924923645,2
95ede382-c684-447a-900b-f33b98d39a2e,1
9628619a-9ef6-4c6d-a5ed-775cd1737ff2,0
9629e150-9b9f-454b-9a97-a4642c3469f8,1
9632a128-806f-44e8-8313-c1ff0dd94458,1
964f508c-9b43-4417-9478-7bfd300a547b,2
964f7392-8158-48f8-bb36-82d2fce7f518,0
966a269a-e9fb-4d8d-bde0-379a98d2b3eb,1
96798a22-f58b-4577-bc0d-2725aa4c2822,2
9682eea6-a625-4569-8da8-8e5af3556daf,0
9697d62b-c652-40fa-aa47-93e5d8d67df1,1
96b7bd3d-a813-4fd1-8de4-c1efae32e3d1,2
96c3a27f-35e6-493d-afbd-046fa2bfd1d0,0
96ca563c-c5de-42d0-b252-a96e3b3bfec8,0
9718c1e1-484e-4499-9c90-aa44effad050,1
97813f4a-54c0-434a-87f3-75ab873cdb00,2
97ec188e-b593-4708-8e72-7b46964a01f5,0
97fb7292-d4cc-4fbb-a554-dafa0da4f147,2
985cb843-a2c7-4dc9-8e5f-55a3aa44f445,2
98727c4f-cdf8-4573-ae5e-048e02c9964b,2
98c67a07-580e-4e49-8dfa-d1bae36cb343,2
98ddc35c-7826-4191-8cc7-a73961436d9d,0
98ec6012-2cdd-468d-bb04-98b250873680,0
98fdbb3a-1874-4199-b357-70cb841d6ba8,1
990c06ca-829b-43cb-a780-8a7504aba9dd,1
99167912-02ac-45a2-9cb4-5ceaf322e03d,2
995fa065-715a-43e3-8a06-662326fc322b,0
995fb74e-e329-4b01-9075-166779efe1f9,2
996784b6-dacd-4589-a653-f1dd862df4f2,2
9999e123-81b1-4749-97a6-531dffdfaabf,1
99a895ac-7f07-48ed-accd-d1a61fa5ea37,2
99b5a10a-eea5-4005-a46f-2ebd5477a067,1
99c59036-a98a-4179-9abb-c24c1c60348e,2
9a1f1df7-7525-4e6a-8a26-b814002786f9,0
9a32d82a-1c84-4589-938d-272e9d350bb7,1
9a52ddf9-5dac-4961-a286-10b873d52eb5,0
9a5ef298-da6f-4857-b073-4f134aa6e31c,0
9acb32f0-3077-4945-a021-2e7b848423b2,1
9acc420c-4643-4114-958f-e7388dd7339f,1
9add81a0-8bc8-4596-aa0f-97a83d14775a,0
9b085287-5fed-4044-be22-ac5e94e0f6b7,1
9b0d849e-41e0-4af5-b42f-e481b3c9b62f,2
9b4b2f7a-c6ec-497f-aa3b-247e5a28255a,1
9b7e3cb1-00c3-4141-a90f-e9a4a8b15992,2
9b8218d2-9b35-4bc8-a1b8-7186ea032d1c,0
9b83963c-c80f-437a-97ae-9078aea2ecfe,0
9bc898c9-29fe-40b2-a301-c4f5bbc8d865,1
9c081a6e-933f-4af2-a650-7348827c9e96,1
9c41b453-486e-4b09-9b55-3ab7fc30c6ea,2
9c54106e-67ca-4446-aa66-215ac35f078a,2
9caf02db-76e7-41b8-83b0-618497030ea1,0
9cd378cd-b80b-416e-8f67-06ae5b005419,2
9cf1e425-6446-4358-b732-a2c44cb131b5,1
9d1c2c7e-dee3-477d-b4b8-e407799ef040,0
9d24e5ec-8ec0-49b6-a5cb-4bd08b077cc8,2
9d2ed530-6f20-4a96-ae05-693fcda3b596,2
9d5ca9ba-d953-4d52-b070-1d09fb7195ae,2
9d886b72-7877-4dda-9576-9539c9aa71c8,2
9d8a55ae-94d9-4da5-8ed0-9db688614bb6,0
9d9300a8-d720-4c40-9874-7ba91cc58fa4,0
9da96ab7-99b9-48e5-90df-0720434d20d6,0
9da9b20c-8e11-4acd-8344-d2168f1c8494,1
9dd4afc3-4341-49f3-985b-9bd958e24e4b,1
9ddc14bb-3de4-424e-8fec-cbae9d615b79,0
9de1da34-5bae-4b07-a61e-f1153da388a7,0
9e02d4b7-9172-41ec-a7cb-345b53a190ac,2
9e09df10-1150-4e67-9e4d-169ba2acfa5a,1
9e59ba8d-1b2a-4618-969d-baeb990848a9,1
9e5f2a9a-0e66-4ac0-8af7-814ba2cc8b58,0
9e6b4ffd-fbca-478c-bba5-1c6ba6c37291,2
9e6ccb11-9248-4941-b06d-305ba8312fe8,0
9e8dc0c8-f6a4-4ec8-b161-6c8b274d8617,0
9e908731-d6e1-4dd2-9b7c-bb25b5c5f092,2
9eabe4a7-95dc-4162-acff-c33df0150953,0
9ebed704-b52f-4c54-a9f7-0742a89ecc64,1
9ed0b40a-e9a8-42c7-8916-eca69c74f3aa,2
9eefd7ae-c0d3-4ad9-bbd0-07d96631d9e6,0
9f0d46c4-c663-4586-9530-048b36048d5b,0
9f27e594-38c3-4c10-af1c-71761b7dbe66,0
9f2c6b1d-72a6-43bc-a82c-352bdb9f2464,2
9f5a4769-d6ec-4afe-92e5-0d4bae635d83,2
9f7ab3b4-529a-4d38-bf1b-f6f568fcd37b,0
9f7f0be5-9eae-465c-aaa1-e124f59b6817,2
9f801baa-11db-4856-b223-44fb9a89fbb1,2
9f9e12e2-7157-493a-addc-9e0f92958c0c,0
9fa15cde-64b5-4484-acb1-22612e5d55f7,0
9fcd76a1-3179-424c-a704-90703773f7e7,0
9fd0f6e4-5abe-4535-93bb-eaf0e6eb7c98,0
9fddca7d-07fe-41e3-a30c-2d5f79137c36,2
9fe14878-3cd7-4c89-872d-3b5e3fa548e3,1
9ff2eeb4-46e8-4942-8b10-81d663f73662,2
a00c63c7-d9ee-4ee7-a3a9-90965fcc09b5,2
a0132955-6fdc-4d51-bcdc-98a5ea625ca7,0
a031d044-15d3-4979-a676-86e36f73f430,1
a05cb796-97a9-47b7-a909-91602bc38d62,1
a06b7128-c709-4ba1-9dcb-82c1df1d396d,2
a082bb2d-8fa2-4f4c-b237-2a0d6d1bd486,2
a08e7fdd-0b9d-404b-a809-bf17add56a76,2
a0bdb59e-56ce-4c6c-bcff-ac5677a4236d,0
a0c21686-5d8f-4eb3-a85f-87ef6805fc69,1
a0ef7659-80ea-4ce7-9d71-db9082e552e8,1
a0fc6ce5-dd56-428c-817b-6fd99c5efa14,0
a10cb50f-d750-4786-a1ce-1492779a4acc,2
a139c403-887e-4feb-9823-01cad491cf3e,0
a1779637-4e06-42a5-aaab-9b4ea1bff1e5,1
a1781977-703d-4e39-82ae-fd96f88cfb6e,1
a17afa3b-8b68-4087-a0c9-9ee3bedfd6e4,0
a1a202ee-78bb-4bf3-ae48-589447f309f2,2
a1cec5a2-e4a9-4fdb-9191-eb4cf0e96c52,2
a1fb20be-a7a2-48ae-b4ce-d9df206d2397,1
a1fb26e6-93a9-4dda-9bff-712a8745d59a,1
a1fce36d-d16a-4fcd-927c-c1609d636c1f,0
a201bc73-d4f9-42d2-bfb2-eb603eb97755,2
a2098907-799c-4eb8-8775-18d2ec584b6e,0
a2150c6a-f98d-431d-878c-8be07a96d6c3,2
a218b2df-9cff-4382-9853-07c88a379a5d,0
a21a029a-087e-4db0-9985-4622370d797b,2
a23b7464-6e2b-46fb-916e-81a8d53d576c,0
a23d5bf7-bb29-4642-aa92-111c973806cc,2
a2739435-90a2-4ee8-88ca-63131798d7c2,1
a280473b-53d9-4f6b-a711-1dcf301e5d68,1
a28189a8-d6aa-4b72-b703-6f8c9d3ced9f,2
a2dfec2f-0b44-45a2-8aa9-37a5a87920ac,0
a2e3d01a-4f59-4cde-82d1-c41d67d5cf06,0
a2e82b8c-b9c2-4abe-8242-128951dda662,0
a2f9c9c0-4a8a-47a3-a93a-932cc6b6383e,2
a30d52ee-57a7-43ab-ae1f-cf38fc49ee0e,2
a3158e0f-77ae-43be-bd10-5dc6b67c76db,1
a35b9f67-3b6b-40eb-b16f-10e24672d972,0
a36f1b19-68d8-4589-a1a1-76ddb44bc4d7,0
a3a48cc9-591e-4f27-969c-11f8c7b3ea3a,0
a3b76b24-a509-4781-bfbb-2af73718e633,2
a3d51202-1b91-409b-9058-208e78bc6459,2
a4022259-f8be-4966-90cd-a9245b1eb59e,1
a41dad5b-805e-444b-9c27-32196fa4b9c4,2
a42a2e2e-2c30-4a98-9b9e-da2e3b535ba4,1
a43977b9-c7e0-4b70-a87f-9fc07232205a,0
a49c7ace-893c-43a1-a0a8-e0cf530b9ac3,0
a49d81d7-116b-4d05-909b-aace952b0130,0
a49f91a8-ec6d-4e8b-900d-9e89fa0d414f,2
a4bde0df-85a1-4e05-a133-231767bbeacb,2
a4c9d186-2e89-4aaf-b2bb-bdc6b0934640,0
a4d9358c-40eb-4e4d-ba05-ae3e73b3dd85,1
a4df67f7-731c-4bf6-a0aa-31033926c529,2
a50cc8fc-56d4-413e-b5a2-a34f30bdcf8d,1
a518e18b-ada8-4df1-9cc0-e3e1bb791799,2
a51adb5a-7985-4d41-8570-f86963df2426,1
a52967fc-398d-4412-9bee-32bceabaa0c9,0
a54a4ce6-c820-400a-9423-75c04971dcbe,0
a56b7896-7e0a-4041-870f-d4720b64dbf3,2
a56cf9df-9d33-4935-942e-83ba2bc16113,2
a58529a7-2897-4ad2-8734-f397a146a5d5,0
a5d2e3f1-62c9-4397-bf6f-2e6c64e06e5c,2
a5d5f84b-ef9e-48e8-8117-dba746d3fc7a,0
a5dc6371-e1a2-4abb-97a1-051593b18996,1
a5de3de3-c3cd-4b4d-b798-6a656d990944,2
a61f0772-f378-4c48-9c46-aecbbd2a89e6,0
a6270117-5e3f-4a38-9c29-8c3e920a5ce9,0
a6a74846-ac82-45f9-8a83-3605265f6f9c,2
a6d56d10-388e-43d7-b625-89212a7b5749,2
a6f6596e-dab2-4bff-810f-dcc15fa26071,0
a756f5a0-408c-4032-bfb2-7b5a3fc03cce,0
a76edab3-ad57-43af-ae63-77426768504f,2
a77c0729-4e67-4516-853b-23ab01d74edc,1
a7847a77-7673-4334-8bf2-ab19f235ca05,2
a7899eb2-50da-4263-8937-ead71898ea45,2
a78a03b7-dd3c-4f5d-9f8b-55a38a28fb9d,1
a7a110ee-a4e6-4b24-bf9d-14a1a218c595,2
a7a7c1aa-c0f5-4315-a9d0-d65a564d595a,0
a7e0e2c9-f1ad-49bf-a353-2c5e94dad138,0
a7ef41a3-14c9-401e-b8d1-41374e503759,0
a7fbff30-39c2-4691-a7c0-b8f7df2ea17a,2
a80b9f75-a4e1-4143-9751-03f8962d7480,1
a841502a-7b0c-4b77-ad9a-45f1a4904993,2
a8580f4c-29e4-4ed0-8e6c-1dfeb7384c60,0
a85856c7-49a9-4bbd-97ef-2b610673bdd8,2
a8b9d26f-9ba0-4005-b927-c03b97194c5e,0
a8c05e1d-f2a7-4602-b8b9-01e8e3a936a6,0
a8d8b20c-289f-4d65-a117-a601643e4d6b,0
a8dc21ba-f239-4a02-9e45-9390f853e367,2
a9115b6e-d094-4802-9393-a6431be2a3b6,2
a91d1ca3-004b-4561-a5bc-4a98b313fb31,2
a920bda4-414d-4215-a40b-12633bb85ecc,2
a99f36a1-e98a-483f-908c-b1bd514a8d12,1
a9a0096b-77d5-4d05-931d-0a30148bf326,2
a9c7eb76-4bcf-44a0-8e5e-a53a2c0bc204,0
a9cc5693-6caa-4858-a705-ac2fde532c51,2
a9d41c0d-bc93-4c4c-a180-15f5473ed7bd,1
a9fe7b37-c570-4cdd-8c34-05fe29cbb34a,0
aa0119f1-af30-41e6-949d-4f448313a198,2
aa3b3ee8-e124-41c2-b525-4f7a636fa52a,2
aa44d5a3-b702-4141-9eff-48ecd588552b,2
aa5205ea-711a-41da-9881-9108152a7b79,0
aa7768ac-d446-410d-94a1-c96b51947fe3,0
aa90d263-49e8-4240-adc4-2c6572f0c7cb,2
aa93a4a3-3d8a-4a6e-ab2b-ea7d2ec14d65,2
aa94d3c0-bf3c-42dd-bdf3-c24e502bb8b3,0
aaa300b8-28e6-4e3c-9595-12823481dbac,2
aab5ba64-e1dd-4d3c-b3f5-2e28cc2d2d26,1
ab4720c0-cc64-462a-9155-41143b825365,0
ab6ec004-1cd3-4fab-abc3-7607385114d7,0
ab71f517-a5c4-4150-9b04-a302ff82bbd6,2
ab9d5874-72b6-4da8-8bd9-cdd4502cde0f,2
abafb083-feba-4c21-be6a-d2ddfe518b39,2
abdbca94-ac8f-452d-a02e-c6b6a3091d62,2
abede108-aab1-4eec-a2b1-6f824341a4ea,1
ac2701ad-c9eb-4698-9b70-dcd1bf151e67,2
ac2eb74c-7a2e-4ef5-96dd-c293899c1cef,1
ac3b1658-1fee-42c3-b675-86c9cb6976f6,1
ac4b49d4-08c8-4d9c-b197-f8c2a47a57f5,2
ac96a311-a342-4a57-a2b4-8233909f463f,0
acb70b88-2abd-4a4a-b68a-2e787ccb4358,1
acb73126-dae9-481f-b2f8-353ff4cb2c32,0
acc5cc94-e35d-44a1-b7e1-9f26ca72cb73,0
ad0948d2-38be-4253-b579-079e143ddf88,0
ad0d5573-7ca1-421c-adf1-02f0496771b4,2
ad0e7769-825e-4b9b-b2bd-47ffa5c113fd,2
ad1817a9-eb27-4baa-adb6-9855e5c63077,1
ad40c71d-6eb1-499b-b15a-4af87edf103b,2
ad43d70e-9091-4834-8352-8eae02a6fb22,2
ad613ac4-c84d-436e-b519-8e4590158fb7,0
ad6fab59-c96e-4ded-a45f-5924499f012f,1
ad8f9e41-c888-4ae5-aab7-cbd1746f2cee,2
ad9783a0-99ca-4670-b3bf-21619ca09a9d,2
adae8e1e-ccc7-44a5-a59e-b13dd45a6a3f,2
adb01d40-e670-4797-b0de-bd26317bd4c6,1
adba8a6a-8509-46f4-8591-f50cd6e06a60,2
ae62a702-72b2-4ccd-b191-7f9167313027,2
ae62c30c-f9de-487d-8430-30210a8b57f0,2
aeb0a895-6fff-40fc-863e-fad4f8403de3,0
aeb51efe-cdfc-474d-a796-54e2f9e7db69,1
aec1b9c4-a67d-402c-acb1-8739d4cd0825,2
af09d0f1-21c3-4f67-8ce7-993c2539eae3,0
af0eaaf9-bab0-46c4-ba1f-707c7e47e337,2
af3bf976-215e-402e-bfa9-7394663a6aec,2
af7632ab-96a1-41bf-a72e-93e3f2546bb5,0
afbd86e4-acf2-4641-a95a-9a075e304b12,1
afc02b55-fa9c-46a5-993f-beefbdaaa53a,1
afccbb68-f74e-4ce1-8b11-29bd8fea021b,2
b0105d92-7990-403a-8cb0-633dfdd1981c,1
b0174cf4-c391-46dc-88d9-e7540cd860a2,2
b01e5e59-b8b5-4760-aadc-171ae0098612,0
b03302bd-a592-4483-8090-614725f5fb42,0
b0596205-7d25-4c54-90c1-1676e8124887,0
b06c47c3-67f1-4ca1-b257-5ea5efb2d721,0
b07222d3-e082-4cde-817d-a38cfdb17926,0
b07ebc67-b946-4b1f-bc3e-e91e962c2dd0,1
b085bfe4-e771-4759-875d-da09c94171ab,0
b091d69c-36b9-4784-9cfa-bde64be29206,2
b09799aa-1ae8-4942-9b3f-95649eb3b7e7,0
b0c9167b-1be8-4576-8a8d-4b6b12a62ce1,2
b0d6b23c-3918-4491-82d7-2fa784b8d2b9,1
b15e2702-5faa-4cfd-bd42-d8d84c7c67e9,1
b1614b85-ba5f-4525-abc1-65541ca93f90,2
b18c4e84-0bc8-4ad9-8150-9ce9445b4e94,1
b1b457e2-9fd0-49b9-983d-d404b16418fa,0
b1c66b35-1d1f-4ae9-b92f-4ca0e9ad1912,0
b1dd2ae2-db4f-46fa-893a-2e4cc95f6cc8,2
b1fbe6c4-0e47-42f7-9acc-54d119c8f07a,0
b220bbf9-4618-446d-914b-506c28ee93c3,2
b25fb25f-df1d-4ba2-a473-0b103209587a,2
b26a9558-cc31-4a12-bd32-9e72fdd3e258,1
b26f2d46-2e1c-41ca-b420-a0db8af693fb,0
b28129aa-ae88-453f-afca-5af6e96d5412,2
b28a36ee-5a7e-4aae-82ff-e55e2f51776d,0
b2a064a6-db03-4802-9815-596820e85e43,1
b2a8db9d-c377-4251-986a-d336c934d5fa,2
b2b73185-eb6d-4ac0-88dc-9e520c332823,1
b2c1b8a0-b7c1-44a7-9cea-347c1be925aa,1
b2e0df73-fd9f-4baa-bc18-bf4bdc2490f1,0
b3002159-2462-4d1e-baa7-28dd80b51adb,2
b33d7730-1215-4986-8513-29d25f7f4e9b,2
b35cfd06-656e-47d1-89da-dd421ba0a4b4,2
b3607838-3b6b-42be-a59a-112de15116c8,2
b37476c3-709b-4475-b556-d1d5d7d112e5,0
b38bc229-e1b3-4acb-913e-0da29a9b0d73,0
b393d7ea-6829-4e0c-9e29-a3fe45391e7e,0
b3a6d3b1-e25e-42f2-88b6-1f675df266e6,2
b3c7c8f4-8726-4710-b7db-20f6737ce7bf,0
b3d487b2-c899-4646-85ae-5a57909764fd,0
b3ebdf42-80e5-4d18-b4fe-f3033d0c42ae,0
b3f59712-a50c-41a5-a0ee-7300770db67c,2
b3f7040b-baa5-4aa0-ab2a-46118035174d,0
b4203d6f-bfdd-4b1c-b1cc-0d45bfbfeb22,0
b43677b6-3f2c-47cc-a981-bf79f0fafb2b,2
b4484248-15f8-40cd-a434-d7894c10edac,2
b4495b01-8fa1-4242-a10b-ce4a79b26055,0
b470f287-cac7-4146-a39a-c1774d42145d,0
b4c18912-01c2-4ebc-a8c4-a4a115d31e44,1
b4c737f1-35e0-4134-8b54-530bdb30b427,0
b4ca6dd1-3084-4ca5-b1aa-a1c02905d56d,0
b4edb6b7-22e1-4f46-a777-0a191333cea4,1
b4f31a7b-6386-4808-9248-de2d8bd5375c,0
b517d8c3-36a3-4b0a-86e3-3215c94aa0d4,2
b51fb1fb-fcb7-4fae-9ae4-c3fe9a3ee4aa,2
b5337f99-dd79-4bc6-be97-966795715b25,1
b5441be4-acad-4816-8c6a-7e963f64744b,0
b54fe96e-c214-4780-b88d-6a21a58839ac,0
b5787ab4-caed-495e-9c0f-9f46a5b82088,2
b58ea7aa-f9f6-453f-954a-570761d9b336,0
b597467d-caad-418b-bc84-c2b6ba5813f4,1
b5a4c6a4-83de-40a1-9420-15dd86326625,1
b5b2ebeb-9d0c-4ec2-a0df-f9d3fb646593,0
b5f8d086-9e92-47fe-b025-9f91c3abd32c,0
b641f928-ec18-420f-bc91-ac2191a4e76e,2
b64b31a2-a745-4796-b161-776aff66f628,0
b671faa6-c5da-4b48-af84-f55a12f8f266,0
b690e1c3-18b4-40eb-b1d9-0023fc1a96fc,2
b691f233-666a-46be-aeff-5de5f2fbb415,1
b6cb26b4-f902-4e1f-949e-9c17bbfad752,2
b6f61874-610e-4396-80a1-f7e7e29401e2,2
b713a551-3b7a-4a01-a621-fd59fc1948da,2
b72006f4-423c-4a9a-bde6-4ca9942d897e,0
b727e4be-bb6a-4d88-ba6c-cf0effdc358e,2
b72f62f2-c671-4721-a1ea-338d22301eb3,0
b74bc1fc-891c-4d9d-82d8-146893d4708b,2
b7526aab-d02c-492f-b57e-25d816fc93ef,1
b75414d8-13a3-4735-8265-3cf95d618718,2
b75ab58f-fa56-4038-bcc9-4a36714569e6,0
b7778317-cc4a-4bd8-9111-d5da31af913d,1
b781244f-9fa4-4a02-a50b-7fb0c1bd5318,0
b7cb81e3-89c6-434b-9ab0-2acf3ee2f6fe,0
b7f277c4-6692-4ce8-981b-7992911614c1,1
b8110316-caed-4f4f-88c5-a9931d92cdc9,1
b81cf078-edb0-4719-a04e-1925449048e9,2
b8326f9a-da5d-4ca3-b999-cdd00da04b99,2
b84df83e-d662-45e0-bc9a-ff431a79c383,2
b8599ec3-187a-4955-aa45-f958946f9497,2
b868fb87-3203-4786-a636-a15a5e50ffa9,1
b881f7dc-d774-4fea-8540-838aef49f088,2
b882829d-4935-49ef-82ef-6c7f46db1541,0
b8e99499-584c-4fae-8eaa-10bfe4e76111,2
b8feb4e6-99c0-4453-9d37-7b9990d19743,1
b9047f7e-3bc1-4369-9515-24e8271cce14,2
b91bc069-e068-4645-9b2e-f13357ddc62c,2
b9389a63-fe85-49e2-a77c-024cb2ae09c3,1
b93a8026-53db-472c-979c-23f2618629e4,2
b95941f8-de26-44ad-844a-2b6fd6f08cad,0
b965d65b-5927-44a7-b620-d14351057f6e,0
b98241ee-a49c-42d6-a8e9-a66f44f24cb1,0
b9c6e640-2103-473d-bde3-d66c51c218a4,1
b9cad99f-2bda-4542-9dde-6f8ed079172f,0
b9d9bda9-0eef-447e-86ac-bf3e0d7f5d6f,2
b9f2d1c1-b589-4e87-85a5-84ad58988bb7,2
b9fcbaeb-3d05-40be-aa78-8f9e3ad28178,2
ba50a5bb-e264-4428-b5eb-e43c9c5fe9d8,0
ba5317d1-201b-4f5e-b772-5e434080acd4,0
ba6bd3b1-1df3-4c4e-8da7-7584f17816a0,0
ba72e13a-42db-4929-9794-c24c4e4a0327,0
baacb4cc-ddad-4d4c-ad19-63117eb32a99,0
bab1d485-06ce-4218-b3c2-45f1458db6b1,1
bab37810-bb79-46d9-a4fe-38e9a26d7c3e,2
baba9575-9c53-4e3a-ab11-77c14f6af06b,0
bac3bbfd-ba65-40e3-bd79-1ca7de5a5de2,2
baca7f55-07de-4fb2-bfdd-2f24d9b9ff72,1
bacd1b88-2872-476b-91a0-f4d1a056045c,2
bae04fac-dc0c-4e33-8a18-ffd79a36ef27,2
bae70671-3d8d-4f73-95b3-7d48770599d0,0
bb22d3e1-3c8a-4285-83c9-057aa54bdb1e,2
bb2977d8-ae95-488d-8126-51fc44105bdd,2
bb2a4733-1f68-4e9e-b0e8-b525be0c535e,0
bb3aecc2-be48-469b-9194-f2d818e3c933,1
bb53030f-47a9-4c03-a6aa-c20265321a82,1
bb5e6f93-cf21-4726-9410-62dcff93b554,2
bb62e2c6-8d3d-4ff3-823d-a0ec1069b080,2
bb7f8837-37cd-4a0b-9c23-c74022cea838,1
bb923f96-5558-46f8-8998-d9b8cb91c26e,2
bba040b3-115f-4f5c-b690-1d12dfe7aab4,2
bbbd730d-a7a9-40fb-a961-531aa019f446,0
bbd57fbe-0443-470a-8d21-05a836a53740,0
bbd7d472-a214-43f8-a2f2-f21b0e9aaeb6,2
bbd94c81-ccd3-42be-b1f0-99fbfd3f3736,0
bbdf68c3-8909-4719-a3a1-0c83421f8707,0
bbe79a42-aca5-4a5d-ae0c-f582a67aa533,0
bbea95ec-dffa-4e93-a83e-64b7037a5036,0
bc13b96e-536e-4e6a-8db7-d31f65f9a5aa,2
bc30447c-2610-4c57-a0b2-75282c158fe0,0
bc3af133-8a0b-46fd-aec0-baa996701157,2
bc3d0332-83bb-4463-bab9-de6b605e23d2,2
bc44380b-b944-4a7b-8b36-f343fe01f76f,2
bc5a2873-8468-4058-9065-31670d536544,2
bc5fea70-1cee-4807-83b8-faaf4262147b,0
bc773cce-c381-4704-8a21-fd5cfbbc33ba,0
bcac7dc4-b67d-462d-8899-e35e0ddd6db7,0
bcb23a69-4ba8-4624-92a5-cf2e4375b396,0
bcba973e-a9c0-400f-a7b1-75c9d7485040,2
bcc34b50-0452-4e66-8953-5a38203a0554,2
bcd3a09f-2628-4dfa-8f01-50e9f1af8746,0
bcd4a8a7-224d-47d6-85a2-77261d38d06c,1
bcf74aad-dc4f-4898-a6a1-a080fca82b98,2
bcf89dc7-1f20-4f5c-997e-983422125547,0
bd48832e-cc4b-4753-916f-c226beaa2a0a,0
bdd0deec-3431-49bb-a590-08a05d805c8b,2
bde0f7fe-0dff-4ef8-9c20-ca6c606485b3,0
bdf886ce-850c-417b-9ba8-14fa1508de59,2
bdfec529-9615-4161-aa1d-08cc52143826,0
be10e612-0a2e-4ee9-8657-1bd8bb868608,2
be35cbc4-09c6-4eed-8861-ebebafbb532f,1
be766a80-3b20-44e6-8595-9868fba192d2,0
be89adce-0f90-4b33-9100-8d1209c85757,1
beb21ead-de9e-48e4-a055-ec73afb74a07,2
bebc0054-ab7f-4f74-9747-260054cff91b,2
bec403ad-0940-4fd3-9291-8e6be0ea16c4,2
beca29d1-0057-4a3c-aad4-c155d5cd23c0,2
bee56568-02a8-483c-bf4c-508861324f7d,1
bf0423e7-b89e-4c5c-9842-6e09e3b7d571,0
bf149a44-c871-4b7b-9dcb-65bc097bf565,2
bf473a49-4d02-47b1-89e8-1a66cd2c05b1,2
bf5cb497-4647-4693-b5f8-94f41bb31761,2
bf6ea518-b8c4-4e82-9375-3f02d2294c2b,2
bf97da38-0815-4dbd-ae2a-6f8468aa2cac,2
bfaf4371-bbb1-4802-8d76-5782d230ce50,0
bfde3272-2f96-4205-979c-a37633b47e2e,0
bfebe4a3-18d7-4de0-ba6c-34572306ed54,0
c009cc4a-463b-4ffc-8621-97ea27812e0a,0
c031a9d3-9432-44ab-81a5-732e8f450261,0
c035e839-2725-4010-9ad5-355691107bb5,0
c0381483-5f63-452b-ae2a-2785aeb58f81,1
c04db4c2-3d86-4bc9-9a34-7b06efe44baa,0
c05415e5-9292-4961-b616-67cebf881885,2
c065ea8b-635b-4990-a422-c84903a2672b,2
c08561cb-cd6c-472b-ba6f-b442b348bc44,0
c086f03e-2901-4337-8ffe-ac39d551bcb9,1
c08ff7c9-45ac-4bb4-8e77-f8ed0cd114f2,0
c0f3e6a9-b0b3-41b6-805a-f6a52398e477,1
c0ff5666-f051-4fbd-b60d-300cb8fc81cc,2
c1238693-fa91-4e8e-83f4-ef13ded515d2,0
c144b78b-4610-4ea9-9f30-bfa89e78ca39,1
c1452d7c-7ce3-4277-a92e-691ca1b82b19,2
c1654215-97ff-47e4-92e8-8f307f55ccbc,1
c16f1611-1602-4a91-b1b9-180437cae679,0
c1d31108-6ca1-4b51-a5ad-98f9cc1528a7,1
c1db07cb-4bc0-4ac0-835d-83ad3ae7eb4c,0
c2516c27-c7d4-49bc-af7c-bc9c309f35db,2
c25ba688-b729-4dd6-afdb-43e0e7f125e4,1
c264ddfc-00f2-444d-9951-ae496d0e3fb3,1
c2893b09-b76c-4761-9cbc-a9cfa9ea097c,0
c29ed108-b1e3-4cce-8aee-8946457b8edc,1
c2bb6ac1-1076-47b3-ab89-0b1eb58864e0,0
c2ce5b2e-1867-42c1-8d0f-65a2fd47e9fb,1
c314690a-cfb9-4932-8b7c-ea388a09d05a,0
c315e2f4-d098-4e10-95be-e1542ac2a070,0
c32f8517-bcd0-41eb-8543-17ca65534279,2
c396d6ed-a79b-40f6-ba34-cc0b54eed54f,1
c3af9e8f-4d33-4bca-859c-48cfcdaf04f0,2
c3bb3d47-d689-4f88-91b7-79caef4620bb,0
c3d88987-1e38-4647-9696-9f5912b9c294,2
c3e11eba-afd6-4bf6-9f03-0b96b3eccbc3,1
c3e2274b-0a32-41f5-a960-dbf89b7a1407,0
c420f76c-8060-4382-a314-484fdb683830,1
c4281f9d-b0dd-48ed-a5c6-b8c35bcb380f,0
c464c600-eb46-4653-859a-47a749907f23,2
c49afa54-90c7-46b2-ad0e-2e48dd7fcedc,0
c49eebd9-3b8d-4422-ba3c-fc05cded2fc6,2
c4a36d63-86f2-47f2-8d24-ec6fcd5c47a1,2
c4e22a5f-0bc0-4e1b-a815-67ac08fa420b,1
c5274621-64dd-4a29-b86a-408adbe7a14e,1
c56dfd32-2ee5-4c3a-9264-82c570f3af60,0
c56e8620-d37e-4079-9cc2-d0b8d466e0df,2
c57319ac-f019-4a22-8af9-616621af7414,0
c57e09d4-00f9-4481-b34d-1e18e66063bc,0
c5a6eb1b-bd6b-4df1-8b10-a14aa0586596,0
c5af4d2f-dac6-4655-969c-b907ecb78a92,2
c5bcd368-1355-48d8-ad4e-6c773c99f2e3,0
c5be7497-e9e5-47fb-a8b9-c458bcc5c77a,2
c5eb26bb-4539-42a1-b144-64686f2b7b85,2
c5f92a79-c186-460d-90e2-6cf3eb499530,2
c610fa10-2db7-476f-9b69-e001a81c5456,1
c66581ab-82a9-4bd7-ba31-a189dac09dd4,2
c67bbcc1-c46c-4264-a50d-e959875dd09f,1
c689a132-883b-4df8-a89b-1672c884b7e0,2
c6b21ff6-09f7-42cf-81f4-2fa25866a163,2
c6c3374d-54f4-480c-8886-59513d485a03,2
c6cd3a54-3f51-458f-8d3a-d981e79c0c2f,2
c6d35999-340d-4aaa-880b-0d3c3ffecbfc,2
c6e46060-fd92-4702-9202-52238961cfb5,2
c707626b-7134-4752-a508-a4a9698791e3,2
c70f4c60-680f-4055-ac9c-e405b6c3e525,0
c73af903-c535-4797-bf4d-cba095d4d6d1,2
c74cfd4c-5616-443a-9184-a06ad744cfa2,0
c7606a77-0eec-4f02-b468-4ab305e2d757,0
c77f885e-ead9-47a4-ba32-2a230d094947,1
c78425cc-1d1b-4426-84dd-176d6917dda0,2
c79fd418-6e7b-4649-aaa5-2352e4a6c9ee,0
c7d078de-eeb0-4696-9c2c-ab90e2c158df,0
c7dc2e95-6906-4cf3-8fac-289a99896dca,0
c8017aa7-d061-42e3-be55-ade31e618c51,1
c816ec54-7447-4c4f-ad2a-fa5bbd56f77a,2
c83cc3a8-93ee-4a3f-bc30-892ec413420a,1
c866a1f9-69a8-431e-81f7-802cc0f0dd3d,2
c8accb4a-df15-4aad-bcab-3fb9097f3c65,1
c8ba9d76-6742-43ef-b677-69a7553ddc99,0
c8c15076-6667-4d5c-980d-8391612107eb,0
c8c75332-09fe-4897-a0ab-fcd57b2c18c2,2
c8dd750f-077c-4dfc-8e9c-c5089d0afa93,0
c93cb9e1-783f-4398-a3f1-fc4c8f3f9cc2,2
c95c7594-f3f6-4e23-8fa3-b3465a98b678,0
c9639623-3191-4dda-85d0-8a20b3558ac8,1
c967818d-fdb1-4f39-af44-313da0a03ac4,0
c9c77dce-6b4d-424e-a20c-d14297b74a62,2
ca2e7964-f276-48f8-9963-d6b644891ac6,0
ca654af6-f307-4785-bda7-d180feabcf3a,2
ca721da7-7353-4fea-bd68-7ed801169763,0
cabaa412-9801-4d50-b3df-208d1ba4091b,1
cabfab8c-c613-41e0-b106-64da1a468be9,2
caed4f26-b628-4832-b146-4085e1ae6be5,0
cb5e6b10-6ad3-4a7a-93e1-9a38f7d21cfc,2
cb70b83c-8ec3-4dd7-9733-63ab9ac10453,0
cb733fd3-d6a1-4332-a0fe-82431ca693d7,0
cb78a098-8948-4f49-a6ae-9d1eebb0babf,2
cb98ff6e-de42-46ef-9c06-b628bcf6ba3e,1
cba5d8e7-8171-459a-a5b0-9f012b47f7e5,2
cbbd4b1a-6f99-4614-9820-7d193ae65cc9,0
cbc8bcc7-06e6-4d0f-b0bb-f549d760b52f,1
cbefbfcd-1a3a-4c46-90db-20b9671fe040,2
cbf497a0-86a7-4183-8df9-70c7afefc20a,2
cbf99551-67ea-4319-bdf3-9e6299d258ab,2
cc063070-6fc8-4e82-b6a0-3730f80a0197,0
cc121b01-78dc-4141-9f9a-bd414b3bb6ec,1
cc1a4a06-6028-4dbe-a161-1883d01c6a8c,1
cc306956-509c-45b1-a629-23da54c28856,2
cc48c595-3df9-4712-948a-ca5989d96d37,2
cc6ce062-07a4-48f7-84cd-580ab0b25d14,0
cc7ff540-d3a2-43c4-9c48-25209fa1d82b,2
cc852c97-777e-404e-b392-8447945f3cf6,0
cc8a4157-2331-4d2d-929a-074f06ae7540,2
cc8df1bc-463c-483a-a3b4-7b4e85d8bc86,2
ccbb4d44-3184-4432-8c67-3ab04cdbe5b6,2
ccc50aee-c3ea-46d1-a896-143540ae9909,2
ccd3df34-b17e-415a-8e1d-caf23eac953d,2
ccdf9455-f926-4bca-855d-ff7b96f9e932,0
ccf003ce-d91b-4ba0-af83-2f30098cf8a4,0
cd096741-ebd7-45d0-83c8-0ff45389abe9,2
cd13b058-db65-48f9-b703-9fc25d92fcc0,0
cd6b6d42-47e1-468c-aee6-bafac6dd17e4,0
cd7727d7-bf6b-413a-b8f0-92caae500fd8,0
cd772954-7e80-41a9-9414-57aa6f26d3a5,0
cd877a0c-567d-4b75-b062-464947b95050,0
cd8ad7c9-ef44-49cc-bbe9-524f3115fa2b,2
cd9647f0-44b3-4db8-9376-75640ab5042d,2
cda14f0e-4815-40e2-9e3a-5dadac390238,2
cdbf04f5-6561-436b-9b28-2006b191a8e0,0
cdc6b12b-54ff-4b4d-850a-b3de7d3040bc,0
ce10a2e6-d385-4ec3-b270-ac6e89bd20ca,0
ce24fb0a-005a-41be-9119-69c14b55279d,0
ce4ad917-c587-4859-95b5-9dc1bf7f2a45,2
ce966119-e1a6-4360-956f-be235d259b54,2
ced5b0f5-ac1c-4294-83d0-8dc88caa7d72,0
cee5029b-1a02-42bb-86cc-a5b32ea57609,1
cf007a23-2385-48ae-8463-e8115580cf9d,1
cf0a333e-1de8-4ca0-b943-76fdce8f12c5,0
cf1c8d1f-a520-4105-a153-d71b2e9675aa,1
cf39f473-922e-4e90-8fe0-c26f0f14019a,2
cf70391a-247e-4aa3-b116-e5becd9d711f,2
cf7d395c-ccb7-4bae-acf4-d9f46556bc58,1
cf9b0428-b9bc-4f69-a6f6-513c1133f568,0
cfd3d467-8bcc-43c8-8277-baa756b89990,0
cfe22f3c-fc46-48eb-aba3-242c16c0f0f7,0
d03a73f2-3bb3-4289-a3b9-1b7ae6a97131,2
d0466ddf-b529-4db1-92a3-dda71baf6289,2
d0471d49-30a2-4758-b8dc-a4b037b30018,0
d08a0155-9220-4153-b999-24410cd4bc61,2
d08fc681-b266-4d34-a4fb-ed91cf33c23e,2
d0a35d83-2dd1-4e22-b350-7d1e88da8182,0
d0c4939e-bcb9-4e35-bbc2-83c633ff78f3,0
d0f9c808-46b3-43d2-b8bc-aa120299ebed,0
d0fb9ea8-e3ce-4d1f-876d-38eae253bf43,0
d104e7cd-8fa4-4ac4-ac24-52467ee0915a,0
d128b2f9-eb02-43df-9c66-0fbb7ef691c4,0
d13299c0-c316-449c-bca1-eb124025bad8,0
d148da00-e7fc-4eaa-9ba4-143837070c52,2
d190b105-2a6f-4ce7-81d5-3b5c6c95dd63,1
d192d330-2e92-470a-bef9-b3310d348f0f,2
d21c25d9-eff3-4db3-8287-b44e34475d10,0
d22588dc-207a-4f02-aac6-61a207a3fd96,0
d22d2d21-9001-4990-ab24-36f5912531e2,2
d23e2b99-8eaf-4c8c-8430-b0e363a69623,0
d25e5a68-9618-4bf7-b61d-09b0ce588ca8,1
d265699b-bbff-4136-92c3-3118774d480b,0
d26d3cbe-23ab-4a99-870b-be6f209be7b9,2
d2717f2f-5aa1-4805-a03d-b74d5d4eb754,1
d2a69fe3-2be6-472b-bbb0-6589e5c7f0ed,1
d2b93987-0be4-4c13-b751-44b8c9892170,2
d2da983d-e85b-456b-abf0-b42154e0c42c,1
d2df248a-ec36-405d-8705-dd0d19f51067,2
d2eae97f-a32f-461d-a844-f5792a6069c9,1
d3225689-70e5-4b5a-812f-fca2ec57430d,0
d3228d32-e029-4a30-8f9f-c9a7928cc616,0
d33602a4-f467-48e9-ab3a-a01400ba9f0d,1
d357629d-e3d4-4676-82de-c962b8c9b38e,2
d389770a-bcfa-44d1-9035-90f1a72ecfbe,0
d3925ccf-0272-4701-b03f-3c8520c3742f,2
d39ff572-e08b-4cbc-99c6-fd7175d49178,2
d3a84cb1-cd0c-4144-88c6-f40799ed1c88,0
d3af92ff-f9df-4a3f-9b79-d3b0fd7e3b10,2
d410b75f-398e-434c-aeaf-7070f206b140,2
d437ddeb-2d4b-4a23-8a27-7cbe4adbae20,0
d49caa51-1f19-42a6-a02d-3bbb556be463,2
d4a414cb-42e1-42fa-83b0-14a9a4af84a2,2
d4b1bff6-4c31-447b-b26f-ddc9e8e96493,0
d4ca456e-e062-4fe3-b623-6dc972c64a7d,2
d4e77e69-acfd-4e9d-9418-ce7b2dff35ef,1
d50ec4d5-a4a7-459f-8f64-10574144d4f1,1
d59860d8-c4d6-46a5-959e-e1dcdfee8dcb,0
d5b2a3e7-c0b5-4893-8b02-353223bf14e7,0
d5b4bad2-5388-4e95-8fc1-8311c5f7521b,0
d5b9607e-76b1-47d6-8371-35b9927ae725,1
d5c3b67a-6efc-465b-8447-07794a5a2524,2
d5ccc8f4-6832-4256-9916-d397b0a08977,1
d5d55a95-2f70-413b-bedc-8d46dbe0d63f,2
d5e1fe75-1b5f-4a76-a3ba-f520a80c9133,2
d5f5799f-8af5-4203-986a-e58271130388,2
d5fd6396-fbf9-4257-8579-9193daaf8e88,2
d6038e90-cdc4-4024-b016-779df7e8e4d9,0
d60fa290-aae2-45b3-a226-598842af56b6,2
d632879a-3346-4676-942c-dc218dbd28d8,1
d65bfeb7-09d3-491e-a96e-4534dd7bf0ca,0
d6abf2a1-0acf-4cfb-a7cc-a54e366ecd18,2
d6ca5fcf-9992-4a03-b684-3944b8f51387,2
d6caef4f-c38c-46dc-b361-ed6689496bb4,0
d7179461-b9b7-405b-aeec-5f9f65b829ca,2
d71cf170-10cc-4288-a0fb-e135a386bc5d,1
d72c7d02-24f7-44f1-aa25-38f02e1b4751,0
d74e9906-5462-4019-925e-eebf2af4361f,1
d7588682-76c5-4ae3-8187-f545d7cab408,2
d7692833-6998-4422-a6b2-0b74b1dfb8d3,0
d797969a-ba25-496d-bbeb-c674d6ead350,2
d7c36d9a-08e1-4e89-b2cd-36ce6d7f4835,2
d7d448b8-c259-432a-a3c9-96bc14d6d4e8,0
d80e7aba-1a70-4779-b24f-5ca17bb6813c,2
d815e706-7cff-4e15-9b1e-a5bebe45dd3c,0
d824612e-5f2c-4e81-8f4e-ab32fba3c88f,2
d824afc5-fed0-4846-b8ff-2e6b0ae1f468,1
d8386b2b-3e2e-443e-a741-cf62a97d9251,0
d84a246d-d294-4c7e-ba87-00e20b744802,0
d8517adf-54f2-476e-870e-f89c459f30c1,0
d8660e8d-7865-4332-9f15-917eb591e9d5,2
d8668351-cbae-407e-aacd-de3ab2521239,2
d8818763-fe3b-4da0-80c5-80a4f2e808e7,2
d89a59b4-a5ae-41bf-a259-0aca06468f73,2
d89b1a47-0b4a-4197-b017-4fba1c9072d0,0
d90bc86c-f4f9-448a-ac6d-1daeabbb0707,0
d91a09fb-a839-4783-b181-c723833b0758,2
d91a9492-03df-4195-9cb4-03ba495f8306,2
d91bfb16-e5e4-4147-a695-721f38e55abf,1
d948d3e4-aaa5-4d8e-a9cd-34ae75ab3f86,0
d9639861-cb5f-42a7-8d40-d3069268f8ec,1
d965a585-766f-4b64-8a19-8cf906bc0c2a,2
d978c552-720e-4cf5-8b52-efddddda0cb8,1
d9cdd570-4809-4703-a4af-9482b4859c15,1
da0827fe-cb8f-4513-bdca-0437175505f4,0
da0ea11d-5a55-42eb-886d-fee6606486e7,2
da509090-8c24-469d-afdb-11336f87b559,1
da8072a4-06f3-472d-8931-b8333858c0a9,2
da8b5b31-49a4-4e22-92d0-9d9e5ebc3149,2
daa7e003-c770-4acd-bf85-f018393ea570,2
dab245e0-c78b-45c8-bd99-d5784bc113cb,1
dab79c3b-0863-490c-b794-69bc8aa922fe,2
dabe7d9b-0bc4-40f2-b673-e6233b852f41,2
dac3a800-c4a6-4b27-bc22-fe5aa1ceaadc,0
dacd0e48-4b48-41f9-a7e5-e6bed95adb2c,1
daffd8b1-c522-4cc6-8c3f-b6fc4a5ba976,0
db0ecf58-69d8-4454-9eb2-2b632ce41b94,1
db47f14b-1f6b-4dc6-a703-c82381031fad,2
db7ea4cc-8093-48ff-98e6-fdf94b0cc922,2
db8249ab-c779-4c31-8c4c-cbfd744d6927,2
db8ff70e-b394-4384-9418-73a2ae36824a,1
db91dcb2-de81-440a-8466-942e3af613f3,1
dba26508-12aa-45cf-969a-318b32a7ccb8,2
dba4022e-abd3-4fd5-b116-9e84d631a0c2,0
dba71eff-b217-4521-a71c-6b1c63fa703c,0
dbb68a9a-ffe8-4d9f-9345-621d07c01c16,1
dbbf8ef1-037e-495f-95bb-757096b4118c,0
dbc5e045-773f-43d3-9f61-34f12b378e4e,1
dbd6c759-9ba2-4c2d-8be2-e227ea118e10,0
dbf93421-0d99-4fd4-886d-d09f858d97a2,0
dc13ce0e-6b6d-4bac-a718-f25fa99397e8,1
dc20a0fa-7e5f-424d-8f8b-dbc3931563bd,0
dc69b2c3-293f-4faa-8b3a-0a022ae9a630,0
dc87fa98-2522-4d51-b775-19d970c17e13,1
dca0a436-e284-40df-849f-616a1525192b,1
dcbf2b31-f031-4433-9ab4-0248ff061c44,2
dccd52b0-29b8-4882-8dbb-b88a9d0da35b,1
dce367e3-8c67-420e-a403-caab0a8449bc,0
dcebd3f1-2d26-49c4-8b37-a0650219546b,0
dcf62182-4ded-44c8-b83d-c36db1e93e70,2
dd01a513-a5f7-42ed-98c2-e7b10158d9ad,0
dd1fdde8-b61c-49e7-84de-9308ca25ce19,2
dd50c04c-fe52-4562-8966-853bad3941ba,0
dd652dae-2859-4a32-af87-82ec36537a69,2
dd8a88d8-2bbe-4c26-94cc-9b39b1a6f27f,0
dd9283b2-06c4-4e04-b3bc-16955cb165de,2
dd9aa2d8-c094-4ed6-8906-1416f21e3713,1
ddbad67d-c9e2-4ab0-b1d1-7332ffff1cd5,2
ddc7d59f-21ca-46be-81cb-c960c782452a,2
ddec75b9-adaf-4811-a48e-fe9952bdb9cc,0
ddec79ee-5c36-4653-adff-99b174b5fb0c,2
de07e896-3b81-447b-8169-b05b378680f9,0
de22fef1-d34e-4ec3-b872-9194c380bdc7,0
de38ee59-7c55-46ca-817e-7f536e74d98e,0
de92642a-fcf8-40b7-bbf6-7f887e95ac6a,0
dec43a65-a5b8-43c6-b5c2-c1dc91da2505,2
defd2b15-3c8a-45e5-9cb1-8cd07396f673,1
df078625-574d-4fae-9e01-b5a11d85128d,2
df288b08-90cb-4995-b9d9-c5de074716a4,1
df4316ea-d3d0-49b4-9da4-e7953fccc9f2,2
df56157d-0775-4b34-8b3f-c10b5640c207,0
df619287-b3e9-43d7-8c2a-39fc7d50ae33,1
df7082cb-25f7-4013-ab58-949750d0fcf7,1
df9feb44-d20b-4c87-bd12-a5c0a9f60f95,2
dfa801c6-c8a1-4836-9058-cdd82063457e,2
dfb689e2-1465-41f5-9108-16d6e0f7590c,0
dfb9819d-1213-4eea-96f7-756d02f8c00e,0
dfbb83c8-a9ac-475b-b4fc-28c541cc936a,2
e02a90fc-391f-4f2c-9b5e-9a2cb872aa83,2
e04c3275-7e39-40ff-a49c-e55ec36ac5b2,0
e0522724-ca0c-4a8b-a362-3ce38fb0cad5,2
e0aa4f28-1dcd-465e-a469-4ee67f308444,1
e0cea391-f442-4c86-9226-8eb3a97fcccd,2
e0fa6b0c-8f82-4f2b-8b80-9d89a9d7e5ce,0
e1015e20-c38f-439b-a331-8f00768cdae6,1
e116807c-3d50-4f39-b474-12e30e3561ce,0
e15923cc-e234-4636-82d0-816221019950,2
e15ddbf7-5916-4ea7-9c1f-ddeaa281e124,2
e1649a92-f4b3-40e2-8ace-d2477fe98763,2
e1835d73-ff14-4f47-8d04-06df07663c8c,0
e194cbef-4be7-40bd-b259-f51b6ae32f5b,1
e1c2d052-8761-40e0-b8c9-e48085366c9e,2
e1e717b5-4c85-4a09-9b67-7504de17b360,0
e1eafa0a-921b-47f5-b415-0e0e45ad7799,1
e1ed3fd5-69f1-407b-b486-8983fe76a8dd,1
e1fdefe0-654e-472f-b1f5-d464ff359afa,1
e20273bb-9aaa-4af6-a20c-feef52759021,0
e2248c3e-ea5f-4871-9310-96d11f89b08d,0
e26e452e-b2ca-448f-a3ab-1e83003d35f7,0
e28d0136-88fb-4a01-920d-55003ee536bf,2
e28d7052-caa1-47c1-ab6d-3a3e28e2bf37,0
e2aa0057-bad8-459e-99fd-fb0b687d97d3,2
e2f9e51f-97fd-438f-b7da-b68e2276566e,1
e2fc8649-9a77-4d7c-a2b0-7b8e5dbae951,2
e313c409-59bf-47fc-9e4c-44f139b2f405,0
e31df2e3-200f-489f-90d7-d1a1d69deba8,0
e37953dd-f605-4293-8791-07e37a5a1e6c,2
e392cced-1ba9-487f-b271-7f85e0a489df,1
e3d521dd-8832-48de-830e-1b126028b2db,1
e3dfa045-a0be-4dc7-b650-2eb96e3df6a1,1
e40c70d2-e229-4966-8ee0-440a52f65314,0
e416096e-afcc-4147-964c-336fdd077765,1
e4225361-f775-4009-9127-11491d469d63,2
e4414025-49fd-447d-ba31-e18e26c9f218,0
e450dfd4-8ce5-4b2f-a2b8-ee32a909c1bb,1
e464d072-7b99-48b7-ad7a-dd9be4144b2b,2
e468920a-2c17-4b1e-855c-67ab9a9a0e3e,2
e474af32-eb91-4b1e-81d9-fedd5fac4a60,0
e4f6887c-edcd-4a7e-a705-c6c736005d50,1
e516d812-a786-40c9-ae32-d68c1bbc927d,1
e51f96cf-6a5e-4091-bdce-6bcab3898837,2
e5550ca0-e713-4ef3-8837-ae80883c74ef,0
e55aaa72-1c59-43ad-b4ec-31e65d57e952,2
e569e26d-583b-4db7-a5bf-67cbcbc264da,1
e581b3c6-1516-4183-a005-d2834ab783d6,2
e58eea5f-ef77-4a84-8a85-1699af22fca3,0
e5da5ccc-24b0-4cc8-bd67-2aac8718cb07,0
e61d0bde-b4e4-46e5-a6c7-6c260327bdef,2
e62b77dd-02fa-4c14-a7f4-dab4e49007c1,0
e6468ba1-d1f8-4e49-a8af-8083af4d97c6,0
e6500f0f-41d1-439b-bed7-b21aceef6fae,1
e669a796-4c37-42e7-9ce6-fcf0ea75ebee,1
e687c4a2-e657-4ec3-a362-b4cf4738c4ec,2
e68c3a98-f729-4eee-a7c2-84163eb8f8f3,1
e6927437-7a18-4cbc-924d-d9bc23222ce6,2
e694c97c-d959-45bd-ac09-d8784613eccc,2
e69b75b4-3cdc-4a63-a514-2b6345a34653,2
e6a4c346-98cc-4ed4-95f0-bea1db47bb24,2
e6a8506f-a9d4-43a8-8394-99847bddefdb,2
e6d4ab36-8356-494c-9ca8-d88653af4436,0
e6f6d23b-417c-4c8d-9ef4-eeeae6a6e5e7,2
e6f7e47f-64a9-41ac-9b1d-571bee0da227,2
e71801a0-eaf1-4753-aad4-8daf860a8152,2
e7336a92-2e35-462a-8d51-f2a89e519a1e,2
e76a4f0d-cdb0-4d2f-80c7-e5aca5476b9e,2
e79b2692-0322-4ee9-b2ad-26467a38b991,2
e79b8b6e-51d6-452a-9347-24fc0fa9a7ec,2
e7bd70fd-aa51-4540-9456-dbe9007260e5,1
e7d1a64f-be46-4d82-b176-659ad707128b,1
e7e799bb-d0db-4ff5-9dc7-a5fc4e114ac1,2
e7e8322e-72e3-4918-b0e3-7bc4000d01b2,1
e7ed0e50-ee82-40f8-893b-73023e7821b8,2
e8120761-1300-4862-a98a-51d034266868,1
e812357d-08f7-400c-b042-bec78341fdff,2
e81e5a13-3d0c-4e7b-b3c6-04284247cfe1,1
e829251f-4a96-4ddb-921c-e8b0ec4c5b0f,2
e8300e3d-151c-4636-9f06-ea2314767218,0
e83faac7-25e6-4e33-bfc8-369510bbe09c,2
e84f6aef-4a4f-4fb8-b197-5740cf810114,2
e874aa47-d4b5-47b8-93bd-66d3e5f6b53d,0
e87ac936-7714-4215-a967-7773308b0381,2
e88c750b-f541-4277-ad91-f01927d73c14,2
e8b11435-ae72-4c78-b3af-93c3740728cb,1
e8be7918-7b11-40b2-b5d1-3ff407fb49b8,0
e8c5abbf-d447-4a63-a7d9-8bf9a8f4967f,2
e8ced3a5-cd49-488a-ac18-b405ccb96c67,1
e8e07b91-1105-4fc1-b9e9-c0e53d7f6dd1,0
e8eac742-766e-4bff-aa5c-cc183cabc2e0,2
e8fb5d9a-089f-40ae-9081-7e9813d9238d,2
e8fc3327-eb0e-4d48-a3d2-80bffacfebfa,0
e9404768-6baf-4c61-8c25-8d4519da256a,1
e94299ca-9e0c-4ad9-83c7-ce63e97d1455,2
e943d4dc-3758-459e-8e12-7e62a167f3cf,0
e94d5d95-3eca-4407-a817-6d646a01e876,1
e94e1dfb-7e01-45da-9487-b2ce0a88abf3,1
e962aa65-ce87-40a1-8d74-4d022f5314b5,2
e97be876-5456-4c0b-885a-3063129032d4,2
e97c3ea7-a999-427c-8422-a00125dd3696,0
e987d2eb-6d89-4622-bac9-33ed8c1d18f1,2
e9aa4861-f806-4ad9-9f17-79be27660891,2
e9afcf8f-f269-40df-b794-f28d4f614b81,2
e9bd9314-da94-4371-b919-a11ac01e0540,2
ea024bb6-e2d8-4206-8060-aa2fdd7a1c58,2
ea598b14-755e-45c9-ba78-8d525dbc0b80,0
ea8f7a27-8ad8-4446-ae50-99e832968c33,1
ea956bdc-a26f-4012-91d2-4ed9d6514332,0
eaa3ad69-222d-4c9d-a457-6ea12b759fe5,2
eaaa4d5e-9eee-4f37-bb45-b78be0662536,2
eac233d6-e95c-4d5d-bf95-26e2f28291ba,1
eaf60f94-d039-45f2-9169-b1f137c23c8d,0
eb0390ab-b191-4dd6-af78-5010732d80cf,0
eb1073e9-774e-40f1-8923-b8d310b2b737,0
eb3fe7f8-874f-4dcb-a7e3-97add2352e5c,2
eb50460c-6922-4a90-99a5-94bec4cde527,0
eb717415-effd-40a5-b318-0a5b39e988da,2
eb89ef07-7789-4fde-8cd8-51b31bbf8abe,2
eb92e532-9af9-43d5-a151-3bfcbfb8cf5b,2
ebb66944-a31e-4a87-bb83-ede626f353e7,2
ebd0190d-0786-4ee9-a201-2209ff786581,2
ebd54f40-ee1c-4ee4-a5a5-dd5ce83365d1,0
ebd69bfb-3764-4c9a-afce-63b3bd701c18,1
ebfef22b-dbb4-4775-a175-ec7e66e873af,0
ec0079a5-b210-4ac2-a54e-53e489977673,2
ec14bbdf-411d-4030-b1dd-3e65c9cbca4b,0
ec242cab-7c90-482d-8117-8f9e99fde1e5,0
ec25f681-0873-4f79-9f82-38c5c54c0801,1
ec2b90b1-54bc-4de9-83e4-8b6cd4ff951b,1
ec35054d-5acd-4e67-90ff-e22f1e9170e9,0
ec446b5f-77cb-4b1d-b4f6-1c5d34f8912a,2
ec44e016-2547-4cbf-89e7-6aefb38ee78a,2
ec5eb6cb-468a-46d3-859d-820c78d0579f,0
ec69aa34-6d74-4984-8f04-b4afa18df355,2
ec76736c-4261-48e6-8f52-19f6f7ed004b,0
ec9fba88-03d6-4d04-b7c5-90b086d67bd6,0
ecb20996-2451-47ec-93cd-c8c01e6e6dd8,1
ecc0f828-4f90-4235-8133-9e54e23c6d25,1
ed2a727c-366a-423f-8442-d09b7951e82f,1
ed3ffabb-e7da-48fe-a4a7-cd39ed640027,0
ed440d33-661e-4f5c-9cea-881e7ea96d8b,0
ed57d9f3-76ed-442d-bc41-fe78a9b0b758,2
ed6c2228-8871-4695-a2ec-2e88c864c9a1,2
ed73ad07-beb2-4364-99ba-da8438f657aa,0
ed8275d1-f1f0-4312-b38f-4083b69fe3b2,1
edf13cf4-d9af-4802-b95a-8ecd578e5653,0
ee2b9f5a-87d8-4c4b-80ae-11894df4f380,2
ee504756-81f3-43eb-831f-abde60a204b5,2
ee59989c-a296-4fb6-9411-d1e3cc0ee918,0
ee6df2ee-6c02-4e5e-84e6-c7832499f139,0
ee71ee67-43eb-4d1d-a7d7-d43b53530556,2
ee75fd1d-61fd-4898-b276-1a48067f83bb,2
eebfeb64-b06c-4b9d-8b98-ccd1b7e85368,2
eec5beca-e1a9-4a57-bcc9-a914ae4f3a51,0
eee460cd-0977-431e-9e25-95cd43887d8f,1
eee73943-95c4-4c2a-8a24-77ee448e110e,2
ef15594e-ef21-497d-ae92-29bfbc63dbdc,2
ef352e21-f0dc-4e15-8d8c-2adcf69d32d7,0
ef404dae-013c-4b2e-b3b6-74513b58bc6f,0
ef53b3b1-d271-452f-b89e-a2f33a947a96,0
ef640be2-b602-44ca-9d10-50f09d6703ed,1
ef7f633f-a619-40a0-8447-760b0be3e8ab,1
ef806bb7-78cf-403d-ab83-18bf66f885b1,0
ef9fd632-30e5-49ec-aac4-bc0176ac0883,2
efea434a-8cb3-434e-89ac-70ffdbffa952,0
eff94edc-73fb-4bee-b44c-587e6bc611ed,1
effce277-e297-4925-a433-a66fb60c7906,0
f00b0bde-8509-4692-a778-d1258a6b1c16,2
f0653dff-a2bb-4ef9-ac34-b0bfcc0b52dd,0
f0727651-f7cc-417e-ab86-dfe2a73d4ca0,0
f0780149-8286-4dd5-b578-1d36d69c0c8c,1
f0d6a850-9066-44a3-bd06-9d2351fda020,1
f0f37897-5ffe-4fd8-aeab-a008d2fb09ef,0
f0fdb2a7-6d23-4136-ba78-102e825334a5,1
f1419cae-d5c2-4c43-8599-908294ef5927,0
f169b5c9-1609-4bcc-bca2-9a453dca920c,0
f183bbb8-9820-4ab9-a485-9a1f1e646e4a,2
f18e55f9-cdfc-4814-ac09-405cd6991d76,0
f1e12840-7fe3-44f4-920e-9c9bc5d8c9f3,0
f1e8aba1-84cf-4ba5-ac96-0180e0584014,0
f2330bf4-4682-4d6e-90bd-1ee55c48f371,1
f242f53d-9305-431a-837f-bac8c884954f,0
f2502c72-60dc-457b-9008-c6cf4c4b4ded,2
f27a675e-f897-4041-9680-c6c46baaae26,1
f2b0475a-9efa-441b-9f5e-289d893db83a,1
f2b388b7-3055-4dc4-a242-1c08ad3d516d,2
f30a1f24-955a-43ee-bdb9-84ddfbbe2d6d,0
f3152ae2-f667-4bd6-ad40-8ab43089d335,1
f3192ef5-a083-4fc7-8a60-5a3b2e25c4d5,0
f31d989b-a63c-4aa8-9b68-d14c6a4966d8,2
f35c1a06-2d92-4094-9c6b-fbfa4493fea4,0
f374176f-ce1f-4de1-8c85-569f869e18ef,0
f3755be5-2f60-405e-b071-8759e471a2dd,0
f375b661-0255-4e72-a178-cf212962cc4e,0
f395fe31-ff11-469f-b440-8e8890d792f0,0
f3ad78e8-c649-47a4-a9a0-b7d291e2563d,2
f3af90b9-add5-4fd8-ab56-e94df49553e1,1
f3f2565e-baf5-490a-8f96-58a5121fe1f1,0
f4234266-8e69-4e39-a81f-25a6a21e6dcf,1
f426b2da-088b-4294-aafb-c4d45c12722b,2
f4494d87-a375-47a2-b285-d3c0b835b85d,2
f46aed00-510f-46bc-afb6-2195c029a48d,2
f48ab3fa-d36c-4854-8d20-7a46e5cabb27,1
f4a05ff0-67dd-4d1e-9b00-d1c7418b835f,2
f4ac6f00-e611-4c3d-a1ae-1e22c1a2272a,0
f4b56e45-ffcb-4f55-940d-f510df1d51d3,2
f4d4075b-4d7e-4cc8-8fc7-779cf663cfed,1
f4d7d8b0-b71f-49bb-a5b6-6e6954969aa2,0
f4f09559-40af-4f4d-a19b-3d33f932da69,1
f4f916b7-0410-4b60-be61-06d5166fb806,2
f4f98298-f767-493d-ba2f-8fe545abef38,1
f522563f-d460-4f72-8021-00a0c25b8d1a,0
f52742d1-0ead-47d0-8dd8-660249c426ae,0
f52eaf2b-1eaf-4572-9539-896763f7ae1f,2
f5354fac-666c-4ddb-8013-5984c75a831a,0
f53b2944-0a00-4a4e-9bb2-37fe5a114195,2
f54ab7fa-2095-4f76-9a05-75284a88a67c,2
f5677947-d62e-4dc2-b802-6f35f7fe678d,1
f56f0e51-7cf7-4d48-9a28-e4d6f0ba4824,0
f5897437-03c0-434f-8265-965d3d46179b,0
f5a844ab-b3ed-447f-ab32-12093f98afbf,1
f5d5fcee-7eb6-4c09-aa17-5686fa324543,2
f5e0017a-5b45-4b62-b29d-9bbca334dec3,2
f6515d91-d37f-4bd1-8f5f-f5539c931ceb,1
f68a67d0-ac44-45e1-9c96-e045645718c1,1
f6be033f-ef8d-487f-959f-97dad1d9407a,0
f6cdb94e-7fef-49bf-96a1-eb218bfe2210,2
f6ff42c2-42fd-4e5c-851f-02f7eb29249c,0
f707a319-09a4-4db0-b0ee-e06eb69c4f88,1
f70b7a5d-0672-44b6-8f48-5b60328a6746,2
f749a56c-ffbc-470b-b231-e5ce38ae9d73,2
f74d8a02-5f8e-447d-9eec-2a23cc97a65b,0
f77a1895-65e3-41d4-af90-99f2de5adeaf,0
f792757b-6408-4b96-a42d-cc16081bca9c,0
f7a199b7-e654-495d-84e2-beb482a276fd,2
f7aa6916-864c-43e8-94e1-0f0a17f1a728,2
f7b93e4e-8d46-42a8-9445-aec2ac908d8a,1
f7c8fc95-4dd5-4d1a-b324-d902f42ecf01,2
f7c9eccc-592e-49f7-aa70-34ee1fd8b65f,2
f7ebbd13-2d73-44f5-91b7-dde9cf4e6ba1,2
f80ae634-f9fc-4cd3-a056-7af230928507,1
f80e953e-ae84-4d17-a884-e0a8faab4d77,1
f81d234c-c047-4605-a5d4-4aa437d19e00,2
f834fe05-acec-47e6-b44a-0e160a1e0576,2
f84d9565-5d5d-493d-8813-6cbf7b802a8c,0
f84f8f6b-03b7-47f4-9ef5-060b957a8d0f,1
f87bf1a0-108e-4285-b91e-9edc31764a9b,0
f887fe64-4947-4eba-977f-e5509e2df326,0
f88d28d1-027f-465a-b84d-92c96ebbffbd,0
f8b7fc22-2fa6-4129-b72e-269de7e97614,1
f8bbca80-cf3d-4ac4-a02d-d5c2451df2d0,2
f8c6dec6-598d-462c-b005-647f9f1ef252,2
f8e0850a-836a-4714-b7eb-d15b75b0949d,2
f90d7d5e-db96-40ca-a8f2-e9d161bcc9e5,2
f92067d9-4659-4679-8d09-f69ea0706c66,0
f94fbe89-6303-494b-ac2d-20950c2eb2be,2
f950e5f7-d425-4616-a7f3-d66465c25459,0
f96bf163-0f3c-4854-bc08-e5c98ccb04d0,2
f99023cd-346e-4c39-9e22-e4ed23dbe6f1,0
f993412c-1c43-4494-9da4-2e2cd62c16dc,2
f9b0d78a-cbbc-47e6-bec4-71e5ea2fa5f0,0
f9db9834-d037-4272-b14e-3b26fb1692d7,2
f9efe88e-fb6f-4230-9078-3f6abeb7d55e,1
fa1b84f9-0b05-422c-b6a4-b62c7767da97,0
fa3dbfe0-e428-4250-aea9-cb2aa621e751,2
fa8ee4b4-3c48-48eb-b22a-7a1b220fcc3c,2
fa9c5484-9114-4865-a6eb-f2735b85e90f,2
fad69755-396a-41b9-8d40-a7ecbf4de999,2
fae01be3-6fd5-4799-9f54-3d44344cf4d7,0
fae502d7-0fc0-4bde-8e05-b10737943ca3,0
fb0d9a61-f672-415f-b9ee-0c458e230653,0
fb386035-44cd-41e7-a499-9639c009104d,2
fb679fcf-e86a-47e0-ac7a-68c3a8dd2687,0
fb857072-da5b-4b63-9b3d-05071ebbc017,0
fb88d3a4-720e-47c3-9582-2fe29c74b588,0
fb91daa5-354c-4665-9a93-4b77cab5f465,0
fbc2bf2e-64fc-4ed9-8595-c19495c9ee6d,2
fbea2cfd-30a9-4376-9785-6229c2b13a31,2
fbf8b93d-79bd-4df2-8c95-cfc855307eda,0
fbfca9f3-e39d-490c-b7b1-d24b777ede56,0
fbff5e92-1560-4d18-bb8f-5b5872032c04,2
fc28dbe2-db28-45ce-bc5e-659efc59bc56,0
fc3b45f9-0b69-400d-a57b-1fcd06f1e725,2
fc8d90a3-f6b3-4a0a-accd-f8ac032608ea,1
fcd2e333-9e6f-4867-aa0a-f38f27600494,1
fce67d57-53df-4a1b-b0e8-74df8a617315,2
fcfaa685-0f22-44b6-89b6-288ee0f70897,2
fd0b6d9d-7492-4521-a5ad-608d70e0ebdd,2
fd0ce504-934c-4d46-a21c-dd71e3ea80e5,0
fd30d31b-27eb-4e75-8f7d-95efe58d9e8d,0
fd342fbf-b6ed-45e9-b05b-7157a0544899,0
fd4706bb-c43f-4098-acc9-a977cb04abc6,2
fd48225a-65e2-4d47-a62c-c6f68babebfc,0
fd548a66-0f1f-4168-9f91-d253a00b4783,0
fd668cb8-f58a-4b82-bb65-ab83975378a5,2
fda19911-121f-4f5e-b707-cbc3c7e85968,1
fdb24770-f0e2-41e1-b28c-a3dc7e4febba,1
fdc71185-392a-4377-ac25-74d787602460,2
fddeabf8-44b5-472e-b88a-6b88e0f6d0c6,2
fdf43684-bbc8-467e-8547-39a6894794e4,2
fdfd966e-9ae1-4df2-9ced-07f3f00182ab,0
fe09c44b-c3cf-4948-8d5d-c333f9e7956c,2
fe11b092-8c66-449b-8d3b-229d5b2168d4,2
fe42e3e4-13db-4b26-8a26-58667c01e2ab,2
fe56c053-550f-4d00-bd56-fe1ce653fc15,1
fe57d84d-7138-4a72-9e04-af6f653d4e49,2
fe5bdcdd-d832-4a3a-bcc3-ab1d23d64d8d,0
fe62a24c-3bb4-42e1-bfe5-5cf7eaa3a444,1
fe728953-0f44-4fd6-a1ef-e31e06702842,2
fe74a98a-23d6-494c-b9e6-939836fc601f,2
fe89fd80-0651-46a3-a295-f596c9a672cb,0
fe8c5666-ddec-4e74-9f81-ac88fd49e7fe,0
ff00f33b-c77e-4087-bc96-aa11f41731ae,1
ff44b362-56d0-4a1d-ade4-46940a2f56f5,2
ff513f97-dbfd-4827-b82a-d8007cb1d45a,1
ff5c674d-972a-425d-9546-8b40863781ea,2
ff5d2f7a-6173-43ae-b60c-5c10453f141b,1
ff753b4f-6563-44ac-a50b-a1bdc9a6022d,1
ff83f41c-fb64-4aa5-a8f7-fabdbc2f24dc,0
ff9c0f7d-ea14-4a3c-883a-e4246c7625ba,2
ffa40bb0-5ce1-4e02-9b0b-bde23018a8ec,1
ffac5453-0785-432f-b360-4a401c8f8885,1
ffb79101-6589-4880-b969-618b46315845,1
ffbc480a-dfd9-479e-b047-d496eda0b8b5,0
ffce5eee-b97f-4707-a345-fa045df9685e,1
ffd6bae0-fdd4-4076-b8d8-dd0ce5f62006,0
